tourney_name,tourney_level,tourney_date,surface,round,best_of,winner_name,loser_name,score,winner_rank,loser_rank,winner_rank_points,loser_rank_points
Brisbane,ATP250,2026-01-04,Hard,R32,3,Frances Tiafoe,Aleksandar Vukic,6-2 6-2,30,87.0,1485,693.0
Brisbane,ATP250,2026-01-04,Hard,R32,3,Learner Tien,Camilo Ugo Carabelli,7-6 6-3,26,48.0,1540,1028.0
Brisbane,ATP250,2026-01-05,Hard,R32,3,Sebastian Korda,Valentin Vacherot,7-6 6-3,46,31.0,1090,1469.0
Brisbane,ATP250,2026-01-05,Hard,R32,3,Alex Michelsen,James Duckworth,6-7 7-6 6-3,37,86.0,1300,694.0
Brisbane,ATP250,2026-01-05,Hard,R32,3,Jiri Lehecka,Tomas Machac,6-4 6-7 6-2,19,35.0,2075,1360.0
Brisbane,ATP250,2026-01-05,Hard,R32,3,Kamil Majchrzak,Daniel Altmaier,7-6 6-0,59,44.0,861,1123.0
Brisbane,ATP250,2026-01-05,Hard,R32,3,Quentin Halys,Alexei Popyrin,5-7 6-3 6-4,91,50.0,669,1000.0
Brisbane,ATP250,2026-01-05,Hard,R32,3,Reilly Opelka,Dane Sweeny,6-3 7-5,60,183.0,861,315.0
Brisbane,ATP250,2026-01-05,Hard,R32,3,Daniil Medvedev,Marton Fucsovics,6-2 6-3,13,54.0,2710,949.0
Brisbane,ATP250,2026-01-06,Hard,R32,3,Raphael Collignon,Denis Shapovalov,6-4 6-2,84,23.0,704,1665.0
Brisbane,ATP250,2026-01-06,Hard,R32,3,Brandon Nakashima,Alejandro Davidovich Fokina,7-6 6-4,33,14.0,1380,2585.0
Brisbane,ATP250,2026-01-06,Hard,R32,3,Giovanni Mpetshi Perricard,Tommy Paul,7-6 3-6 7-6,67,20.0,825,2050.0
Brisbane,ATP250,2026-01-06,Hard,R32,3,Aleksandar Kovacevic,Nick Kyrgios,6-3 6-4,58,670.0,877,50.0
Brisbane,ATP250,2026-01-06,Hard,R32,3,Cameron Norrie,Ugo Humbert,1-6 7-6 7-5,28,36.0,1523,1355.0
Brisbane,ATP250,2026-01-06,Hard,R32,3,Rinky Hijikata,Adam Walton,6-3 6-2,111,77.0,546,732.0
Brisbane,ATP250,2026-01-06,Hard,R32,3,Grigor Dimitrov,Pablo Carreno Busta,6-3 6-2,47,92.0,1080,656.0
Brisbane,ATP250,2026-01-07,Hard,R16,3,Alex Michelsen,Learner Tien,6-4 6-2,37,26.0,1300,1540.0
Brisbane,ATP250,2026-01-07,Hard,R16,3,Daniil Medvedev,Frances Tiafoe,6-3 6-2,13,30.0,2710,1485.0
Brisbane,ATP250,2026-01-07,Hard,R16,3,Sebastian Korda,Jiri Lehecka,6-3 1-2 RET,46,19.0,1090,2075.0
Brisbane,ATP250,2026-01-07,Hard,R16,3,Kamil Majchrzak,Reilly Opelka,6-7 7-6 7-6,59,60.0,861,861.0
Brisbane,ATP250,2026-01-08,Hard,R16,3,Aleksandar Kovacevic,Cameron Norrie,7-6 4-6 6-4,58,28.0,877,1523.0
Brisbane,ATP250,2026-01-08,Hard,R16,3,Brandon Nakashima,Quentin Halys,6-2 6-4,33,91.0,1380,669.0
Brisbane,ATP250,2026-01-08,Hard,R16,3,Giovanni Mpetshi Perricard,Rinky Hijikata,4-6 7-6 7-6,67,111.0,825,546.0
Brisbane,ATP250,2026-01-08,Hard,R16,3,Raphael Collignon,Grigor Dimitrov,7-6 6-3,84,47.0,704,1080.0
Brisbane,ATP250,2026-01-09,Hard,QF,3,Aleksandar Kovacevic,Giovanni Mpetshi Perricard,7-6 4-6 6-3,58,67.0,877,825.0
Brisbane,ATP250,2026-01-09,Hard,QF,3,Brandon Nakashima,Raphael Collignon,6-3 6-3,33,84.0,1380,704.0
Brisbane,ATP250,2026-01-09,Hard,QF,3,Alex Michelsen,Sebastian Korda,6-3 7-6,37,46.0,1300,1090.0
Brisbane,ATP250,2026-01-09,Hard,QF,3,Daniil Medvedev,Kamil Majchrzak,6-7 6-3 6-2,13,59.0,2710,861.0
Brisbane,ATP250,2026-01-10,Hard,SF,3,Brandon Nakashima,Aleksandar Kovacevic,7-6 6-4,33,58.0,1380,877.0
Brisbane,ATP250,2026-01-10,Hard,SF,3,Daniil Medvedev,Alex Michelsen,6-4 6-2,13,37.0,2710,1300.0
Brisbane,ATP250,2026-01-11,Hard,F,3,Daniil Medvedev,Brandon Nakashima,6-2 7-6,13,33.0,2710,1380.0
Hong Kong,ATP250,2026-01-05,Hard,R32,3,Nuno Borges,Damir Dzumhur,6-4 6-3,45,65.0,1120,837.0
Hong Kong,ATP250,2026-01-05,Hard,R32,3,Marin Cilic,Adrian Mannarino,6-3 6-2,70,68.0,765,817.0
Hong Kong,ATP250,2026-01-05,Hard,R32,3,Yibing Wu,Fabian Marozsan,6-4 6-2,179,53.0,322,975.0
Hong Kong,ATP250,2026-01-06,Hard,R32,3,Tomas Martin Etcheverry,Valentin Royer,6-4 7-5,57,56.0,895,924.0
Hong Kong,ATP250,2026-01-06,Hard,R32,3,Lorenzo Sonego,Rei Sakamoto,6-2 7-6,39,200.0,1240,292.0
Hong Kong,ATP250,2026-01-06,Hard,R32,3,Alexandre Muller,Miomir Kecmanovic,7-5 6-4,52,51.0,980,1000.0
Hong Kong,ATP250,2026-01-06,Hard,R32,3,Coleman Wong,Mariano Navone,6-3 7-5,150,72.0,406,760.0
Hong Kong,ATP250,2026-01-06,Hard,R32,3,Gabriel Diallo,Jesper De Jong,6-4 7-6,40,71.0,1215,763.0
Hong Kong,ATP250,2026-01-06,Hard,R32,3,Michael Mmoh,Alejandro Tabilo,7-5 6-4,285,81.0,184,717.0
Hong Kong,ATP250,2026-01-06,Hard,R32,3,Botic Van De Zandschulp,Jan Lennard Struff,6-3 1-6 6-1,75,82.0,746,711.0
Hong Kong,ATP250,2026-01-06,Hard,R32,3,Marcos Giron,Laslo Djere,6-2 6-0,64,95.0,845,652.0
Hong Kong,ATP250,2026-01-06,Hard,R32,3,Juncheng Shang,Francisco Comesana,6-4 6-4,406,66.0,115,829.0
Hong Kong,ATP250,2026-01-07,Hard,R16,3,Lorenzo Musetti,Tomas Martin Etcheverry,6-7 6-2 6-4,7,57.0,3990,895.0
Hong Kong,ATP250,2026-01-07,Hard,R16,3,Nuno Borges,Marin Cilic,7-5 6-3,45,70.0,1120,765.0
Hong Kong,ATP250,2026-01-07,Hard,R16,3,Coleman Wong,Gabriel Diallo,1-6 7-5 7-5,150,40.0,406,1215.0
Hong Kong,ATP250,2026-01-07,Hard,R16,3,Andrey Rublev,Yibing Wu,3-6 6-2 6-1,16,179.0,2510,322.0
Hong Kong,ATP250,2026-01-08,Hard,R16,3,Juncheng Shang,Lorenzo Sonego,6-3 6-4,406,39.0,115,1240.0
Hong Kong,ATP250,2026-01-08,Hard,R16,3,Marcos Giron,Alexandre Muller,6-4 7-6,64,52.0,845,980.0
Hong Kong,ATP250,2026-01-08,Hard,R16,3,Michael Mmoh,Karen Khachanov,7-6 7-6,285,17.0,184,2320.0
Hong Kong,ATP250,2026-01-08,Hard,R16,3,Alexander Bublik,Botic Van De Zandschulp,6-3 6-3,11,75.0,2845,746.0
Hong Kong,ATP250,2026-01-09,Hard,QF,3,Lorenzo Musetti,Coleman Wong,6-4 6-4,7,150.0,3990,406.0
Hong Kong,ATP250,2026-01-09,Hard,QF,3,Andrey Rublev,Nuno Borges,6-3 6-4,16,45.0,2510,1120.0
Hong Kong,ATP250,2026-01-09,Hard,QF,3,Alexander Bublik,Juncheng Shang,6-1 7-6,11,406.0,2845,115.0
Hong Kong,ATP250,2026-01-09,Hard,QF,3,Marcos Giron,Michael Mmoh,6-3 1-0 RET,64,285.0,845,184.0
Hong Kong,ATP250,2026-01-10,Hard,SF,3,Lorenzo Musetti,Andrey Rublev,6-7 7-5 6-4,7,16.0,3990,2510.0
Hong Kong,ATP250,2026-01-10,Hard,SF,3,Alexander Bublik,Marcos Giron,3-6 6-4 6-2,11,64.0,2845,845.0
Hong Kong,ATP250,2026-01-11,Hard,F,3,Alexander Bublik,Lorenzo Musetti,7-6 6-3,11,7.0,2845,3990.0
Adelaide,ATP250,2026-01-12,Hard,R32,3,Reilly Opelka,Alexei Popyrin,6-3 7-6,62,49.0,873,1000.0
Adelaide,ATP250,2026-01-12,Hard,R32,3,Jaume Munar,Daniel Altmaier,6-3 6-0,38,44.0,1295,1123.0
Adelaide,ATP250,2026-01-12,Hard,R32,3,Valentin Vacherot,Miomir Kecmanovic,7-6 6-4,32,59.0,1469,910.0
Adelaide,ATP250,2026-01-12,Hard,R32,3,Ugo Humbert,Terence Atmane,6-3 7-6,36,64.0,1355,862.0
Adelaide,ATP250,2026-01-12,Hard,R32,3,Thanasi Kokkinakis,Sebastian Korda,3-6 6-3 7-6,670,51.0,50,975.0
Adelaide,ATP250,2026-01-13,Hard,R32,3,Tomas Machac,James Duckworth,6-3 6-3,35,86.0,1360,694.0
Adelaide,ATP250,2026-01-13,Hard,R32,3,Rinky Hijikata,Tristan Schoolkate,6-4 6-4,115,97.0,527,641.0
Adelaide,ATP250,2026-01-13,Hard,R32,3,Quentin Halys,Jacob Fearnley,6-3 6-4,85,77.0,697,752.0
Adelaide,ATP250,2026-01-13,Hard,R32,3,Alexander Shevchenko,Damir Dzumhur,4-6 6-4 7-5,104,66.0,597,837.0
Adelaide,ATP250,2026-01-13,Hard,R32,3,Andrea Vavassori,Gabriel Diallo,6-3 7-6,336,41.0,147,1215.0
Adelaide,ATP250,2026-01-13,Hard,R32,3,Marton Fucsovics,Ethan Quinn,6-4 6-4,55,78.0,949,733.0
Adelaide,ATP250,2026-01-13,Hard,R32,3,Aleksandar Vukic,Stefanos Tsitsipas,7-6 7-6,87,33.0,693,1455.0
Adelaide,ATP250,2026-01-14,Hard,R16,3,Jaume Munar,Francisco Cerundolo,3-6 7-5 6-4,38,20.0,1295,2035.0
Adelaide,ATP250,2026-01-14,Hard,R16,3,Ugo Humbert,Tallon Griekspoor,6-4 6-1,36,25.0,1355,1565.0
Adelaide,ATP250,2026-01-14,Hard,R16,3,Tomas Machac,Quentin Halys,6-4 6-2,35,85.0,1360,697.0
Adelaide,ATP250,2026-01-14,Hard,R16,3,Tommy Paul,Reilly Opelka,6-4 6-4,21,62.0,2000,873.0
Adelaide,ATP250,2026-01-14,Hard,R16,3,Alexander Shevchenko,Marton Fucsovics,6-3 7-6,104,55.0,597,949.0
Adelaide,ATP250,2026-01-14,Hard,R16,3,Aleksandar Vukic,Andrea Vavassori,6-2 7-6,87,336.0,693,147.0
Adelaide,ATP250,2026-01-14,Hard,R16,3,Valentin Vacherot,Thanasi Kokkinakis,W/O,32,670.0,1469,50.0
Adelaide,ATP250,2026-01-14,Hard,R16,3,Alejandro Davidovich Fokina,Rinky Hijikata,6-3 6-2,15,115.0,2585,527.0
Adelaide,ATP250,2026-01-15,Hard,QF,3,Tomas Machac,Jaume Munar,6-4 6-4,35,38.0,1360,1295.0
Adelaide,ATP250,2026-01-15,Hard,QF,3,Tommy Paul,Aleksandar Vukic,6-3 6-2,21,87.0,2000,693.0
Adelaide,ATP250,2026-01-15,Hard,QF,3,Ugo Humbert,Alexander Shevchenko,6-0 6-3,36,104.0,1355,597.0
Adelaide,ATP250,2026-01-15,Hard,QF,3,Alejandro Davidovich Fokina,Valentin Vacherot,7-6 6-2,15,32.0,2585,1469.0
Adelaide,ATP250,2026-01-16,Hard,SF,3,Tomas Machac,Tommy Paul,2-6 6-3 6-3,35,21.0,1360,2000.0
Adelaide,ATP250,2026-01-16,Hard,SF,3,Ugo Humbert,Alejandro Davidovich Fokina,6-3 5-7 7-6,36,15.0,1355,2585.0
Adelaide,ATP250,2026-01-17,Hard,F,3,Tomas Machac,Ugo Humbert,6-4 6-7 6-2,35,36.0,1360,1355.0
Auckland,ATP250,2026-01-11,Hard,R32,3,Eliot Spizzirri,Adrian Mannarino,6-4 6-3,89,69.0,672,810.0
Auckland,ATP250,2026-01-12,Hard,R32,3,Jenson Brooksby,James Watt,6-4 6-3,48,643.0,1017,55.0
Auckland,ATP250,2026-01-12,Hard,R32,3,Francisco Comesana,Valentin Royer,6-4 6-4,68,57.0,829,924.0
Auckland,ATP250,2026-01-12,Hard,R32,3,Cameron Norrie,Hugo Gaston,6-3 6-4,28,94.0,1538,653.0
Auckland,ATP250,2026-01-12,Hard,R32,3,Sebastian Baez,Emilio Nava,4-6 7-5 6-3,39,88.0,1250,677.0
Auckland,ATP250,2026-01-12,Hard,R32,3,Alejandro Tabilo,Camilo Ugo Carabelli,6-4 6-2,81,47.0,722,1028.0
Auckland,ATP250,2026-01-12,Hard,R32,3,Alex Michelsen,Mariano Navone,2-6 6-2 7-5,37,74.0,1350,760.0
Auckland,ATP250,2026-01-13,Hard,R32,3,Giovanni Mpetshi Perricard,Roberto Bautista Agut,6-3 7-6,63,90.0,865,670.0
Auckland,ATP250,2026-01-13,Hard,R32,3,Marcos Giron,Alexandre Muller,6-2 6-2,60,50.0,895,980.0
Auckland,ATP250,2026-01-13,Hard,R32,3,Hamad Medjedovic,Aleksandar Kovacevic,6-4 3-6 7-6,96,54.0,643,964.0
Auckland,ATP250,2026-01-13,Hard,R32,3,Fabian Marozsan,Gael Monfils,5-7 6-3 6-4,52,110.0,975,550.0
Auckland,ATP250,2026-01-13,Hard,R32,3,Nuno Borges,Tomas Martin Etcheverry,7-5 3-6 7-6,46,61.0,1070,895.0
Auckland,ATP250,2026-01-13,Hard,R16,3,Marcos Giron,Alex Michelsen,6-4 6-4,60,37.0,895,1350.0
Auckland,ATP250,2026-01-13,Hard,R16,3,Ben Shelton,Francisco Comesana,7-5 6-4,8,68.0,3960,829.0
Auckland,ATP250,2026-01-14,Hard,R16,3,Sebastian Baez,Jenson Brooksby,7-5 6-0,39,48.0,1250,1017.0
Auckland,ATP250,2026-01-14,Hard,R16,3,Luciano Darderi,Alejandro Tabilo,1-6 7-5 6-3,24,81.0,1579,722.0
Auckland,ATP250,2026-01-14,Hard,R16,3,Eliot Spizzirri,Nuno Borges,7-6 6-4,89,46.0,672,1070.0
Auckland,ATP250,2026-01-14,Hard,R16,3,Giovanni Mpetshi Perricard,Cameron Norrie,4-6 6-3 7-6,63,28.0,865,1538.0
Auckland,ATP250,2026-01-14,Hard,R16,3,Fabian Marozsan,Casper Ruud,6-4 6-4,52,13.0,975,2795.0
Auckland,ATP250,2026-01-14,Hard,R16,3,Jakub Mensik,Hamad Medjedovic,6-1 3-6 6-3,18,96.0,2125,643.0
Auckland,ATP250,2026-01-14,Hard,QF,3,Marcos Giron,Luciano Darderi,1-6 7-5 6-4,60,24.0,895,1579.0
Auckland,ATP250,2026-01-15,Hard,QF,3,Jakub Mensik,Giovanni Mpetshi Perricard,6-4 6-2,18,63.0,2125,865.0
Auckland,ATP250,2026-01-15,Hard,QF,3,Fabian Marozsan,Eliot Spizzirri,6-4 2-6 6-2,52,89.0,975,672.0
Auckland,ATP250,2026-01-15,Hard,QF,3,Sebastian Baez,Ben Shelton,7-5 6-3,39,8.0,1250,3960.0
Auckland,ATP250,2026-01-16,Hard,SF,3,Jakub Mensik,Fabian Marozsan,7-6 4-6 6-1,18,52.0,2125,975.0
Auckland,ATP250,2026-01-16,Hard,SF,3,Sebastian Baez,Marcos Giron,6-1 6-4,39,60.0,1250,895.0
Auckland,ATP250,2026-01-17,Hard,F,3,Jakub Mensik,Sebastian Baez,6-3 7-6,18,39.0,2125,1250.0
Australian Open,Grand Slam,2026-01-18,Hard,R128,5,Tomas Martin Etcheverry,Miomir Kecmanovic,6-2 3-6 4-6 6-3 6-4,62,60.0,895,910.0
Australian Open,Grand Slam,2026-01-18,Hard,R128,5,Arthur Fery,Flavio Cobolli,7-6 6-4 6-1,186,22.0,316,1955.0
Australian Open,Grand Slam,2026-01-18,Hard,R128,5,Corentin Moutet,Tristan Schoolkate,6-4 7-6 6-3,37,98.0,1383,641.0
Australian Open,Grand Slam,2026-01-18,Hard,R128,5,Alexander Zverev,Gabriel Diallo,6-7 6-1 6-4 6-2,3,41.0,5105,1215.0
Australian Open,Grand Slam,2026-01-18,Hard,R128,5,Francisco Cerundolo,Zhizhen Zhang,6-3 7-6 6-3,21,368.0,2035,130.0
Australian Open,Grand Slam,2026-01-18,Hard,R128,5,Francisco Comesana,Patrick Kypson,6-2 6-3 3-6 6-3,68,116.0,829,527.0
Australian Open,Grand Slam,2026-01-18,Hard,R128,5,Emilio Nava,Kyrian Jacquet,6-2 7-5 6-7 4-6 7-6,89,128.0,683,477.0
Australian Open,Grand Slam,2026-01-18,Hard,R128,5,Damir Dzumhur,Liam Draxl,7-5 6-0 6-4,66,145.0,837,429.0
Australian Open,Grand Slam,2026-01-18,Hard,R128,5,Michael Zheng,Sebastian Korda,6-4 6-4 3-6 6-7 6-3,174,53.0,337,975.0
Australian Open,Grand Slam,2026-01-18,Hard,R128,5,Jaime Faria,Alexander Blockx,6-3 3-6 6-3 6-4,151,96.0,413,653.0
Australian Open,Grand Slam,2026-01-18,Hard,R128,5,Marton Fucsovics,Camilo Ugo Carabelli,7-6 6-1 6-2,54,49.0,967,1028.0
Australian Open,Grand Slam,2026-01-18,Hard,R128,5,Frances Tiafoe,Jason Kubler,7-6 6-3 6-2,34,194.0,1500,305.0
Australian Open,Grand Slam,2026-01-18,Hard,R128,5,Yannick Hanfmann,Zachary Svajda,7-5 4-6 6-4 7-6,102,143.0,611,431.0
Australian Open,Grand Slam,2026-01-18,Hard,R128,5,Cameron Norrie,Benjamin Bonzi,6-0 6-7 4-6 6-3 6-4,27,106.0,1553,566.0
Australian Open,Grand Slam,2026-01-18,Hard,R128,5,Alexander Bublik,Jenson Brooksby,6-4 6-4 6-4,10,48.0,3065,1042.0
Australian Open,Grand Slam,2026-01-18,Hard,R128,5,Carlos Alcaraz,Adam Walton,6-3 7-6 6-2,1,81.0,12050,727.0
Australian Open,Grand Slam,2026-01-19,Hard,R128,5,Hamad Medjedovic,Mariano Navone,6-2 6-7 6-4 6-2,90,74.0,681,760.0
Australian Open,Grand Slam,2026-01-19,Hard,R128,5,Alexander Shevchenko,Elias Ymer,3-6 7-5 6-4 6-1,97,175.0,650,337.0
Australian Open,Grand Slam,2026-01-19,Hard,R128,5,Nuno Borges,Felix Auger Aliassime,3-6 6-4 6-4 0-0 RET,46,8.0,1070,3990.0
Australian Open,Grand Slam,2026-01-19,Hard,R128,5,Quentin Halys,Alejandro Tabilo,6-2 6-2 7-6,83,79.0,725,737.0
Australian Open,Grand Slam,2026-01-19,Hard,R128,5,Daniil Medvedev,Jesper De Jong,7-5 6-2 7-6,12,73.0,2910,763.0
Australian Open,Grand Slam,2026-01-19,Hard,R128,5,Fabian Marozsan,Arthur Rinderknech,6-3 6-4 6-7 6-4,47,28.0,1065,1551.0
Australian Open,Grand Slam,2026-01-19,Hard,R128,5,Tommy Paul,Aleksandar Kovacevic,6-4 6-3 6-3,20,56.0,2050,964.0
Australian Open,Grand Slam,2026-01-19,Hard,R128,5,Juncheng Shang,Roberto Bautista Agut,6-4 6-7 6-4 6-0,318,91.0,165,670.0
Australian Open,Grand Slam,2026-01-19,Hard,R128,5,Reilly Opelka,Nicolai Budkov Kjaer,6-4 6-3 6-4,63,135.0,873,446.0
Australian Open,Grand Slam,2026-01-19,Hard,R128,5,Andrey Rublev,Matteo Arnaldi,6-4 6-2 6-3,15,65.0,2600,858.0
Australian Open,Grand Slam,2026-01-19,Hard,R128,5,Jordan Thompson,Juan Manuel Cerundolo,6-7 7-5 6-1 6-1,111,87.0,548,700.0
Australian Open,Grand Slam,2026-01-19,Hard,R128,5,Alex De Minaur,Mackenzie Mcdonald,6-2 6-2 6-3,6,113.0,4080,546.0
Australian Open,Grand Slam,2026-01-19,Hard,R128,5,Learner Tien,Marcos Giron,7-6 4-6 3-6 7-6 6-2,29,51.0,1540,985.0
Australian Open,Grand Slam,2026-01-19,Hard,R128,5,Alejandro Davidovich Fokina,Filip Misolic,6-2 6-3 6-3,14,84.0,2635,725.0
Australian Open,Grand Slam,2026-01-19,Hard,R128,5,Thiago Agustin Tirante,Aleksandar Vukic,7-5 6-2 6-2,103,78.0,605,746.0
Australian Open,Grand Slam,2026-01-19,Hard,R128,5,Stan Wawrinka,Laslo Djere,5-7 6-3 6-4 7-6,139,92.0,437,659.0
Australian Open,Grand Slam,2026-01-19,Hard,R128,5,Kamil Majchrzak,Jacob Fearnley,7-6 7-5 3-6 7-6,59,77.0,918,752.0
Australian Open,Grand Slam,2026-01-19,Hard,R128,5,Marin Cilic,Daniel Altmaier,6-0 6-0 7-6,70,44.0,790,1123.0
Australian Open,Grand Slam,2026-01-19,Hard,R128,5,Botic Van De Zandschulp,Brandon Nakashima,6-3 4-6 7-6 7-6,75,30.0,759,1535.0
Australian Open,Grand Slam,2026-01-19,Hard,R128,5,Francesco Maestrelli,Terence Atmane,6-4 3-6 6-7 6-1 6-1,141,64.0,436,862.0
Australian Open,Grand Slam,2026-01-19,Hard,R128,5,Jaume Munar,Dalibor Svrcina,3-6 6-2 6-7 7-5 6-3,39,95.0,1335,655.0
Australian Open,Grand Slam,2026-01-19,Hard,R128,5,Denis Shapovalov,Bu Yunchaokete,6-3 7-6 6-1,23,120.0,1650,499.0
Australian Open,Grand Slam,2026-01-19,Hard,R128,5,Rinky Hijikata,Adrian Mannarino,6-3 6-3 6-1,114,69.0,542,810.0
Australian Open,Grand Slam,2026-01-19,Hard,R128,5,Arthur Gea,Jiri Lehecka,7-5 7-6 7-5,198,19.0,300,2090.0
Australian Open,Grand Slam,2026-01-19,Hard,R128,5,Valentin Vacherot,Martin Damm,6-4 6-4 6-4,31,177.0,1519,333.0
Australian Open,Grand Slam,2026-01-19,Hard,R128,5,Alexandre Muller,Alexei Popyrin,2-6 6-3 3-6 7-6 7-6,52,50.0,980,1000.0
Australian Open,Grand Slam,2026-01-19,Hard,R128,5,Casper Ruud,Mattia Bellucci,6-1 6-2 6-4,13,76.0,2795,758.0
Australian Open,Grand Slam,2026-01-19,Hard,R128,5,Novak Djokovic,Pedro Martinez,6-3 6-2 6-2,4,71.0,4780,768.0
Australian Open,Grand Slam,2026-01-20,Hard,R128,5,Lorenzo Sonego,Carlos Taberner,6-4 6-0 6-3,40,99.0,1240,630.0
Australian Open,Grand Slam,2026-01-20,Hard,R128,5,Luciano Darderi,Cristian Garin,7-6 7-5 7-6,25,82.0,1599,726.0
Australian Open,Grand Slam,2026-01-20,Hard,R128,5,Lorenzo Musetti,Raphael Collignon,4-6 7-6 7-5 3-2 RET,5,72.0,4105,767.0
Australian Open,Grand Slam,2026-01-20,Hard,R128,5,Ethan Quinn,Tallon Griekspoor,6-2 6-3 6-2,80,26.0,733,1565.0
Australian Open,Grand Slam,2026-01-20,Hard,R128,5,Sebastian Baez,Giovanni Mpetshi Perricard,6-4 6-4 3-6 5-7 6-3,36,61.0,1390,905.0
Australian Open,Grand Slam,2026-01-20,Hard,R128,5,Karen Khachanov,Alex Michelsen,4-6 6-4 6-3 5-7 6-3,18,38.0,2320,1350.0
Australian Open,Grand Slam,2026-01-20,Hard,R128,5,Nishesh Basavareddy,Christopher Oconnell,4-6 7-6 6-7 6-2 6-3,242,118.0,230,521.0
Australian Open,Grand Slam,2026-01-20,Hard,R128,5,Jakub Mensik,Pablo Carreno Busta,7-5 4-6 2-6 7-6 6-3,17,94.0,2345,656.0
Australian Open,Grand Slam,2026-01-20,Hard,R128,5,Ben Shelton,Ugo Humbert,6-3 7-6 7-6,7,33.0,4000,1510.0
Australian Open,Grand Slam,2026-01-20,Hard,R128,5,Eliot Spizzirri,Joao Fonseca,6-4 2-6 6-1 6-2,85,32.0,725,1510.0
Australian Open,Grand Slam,2026-01-20,Hard,R128,5,Yibing Wu,Luca Nardi,7-5 4-6 6-4 6-2,168,108.0,347,561.0
Australian Open,Grand Slam,2026-01-20,Hard,R128,5,Dane Sweeny,Gael Monfils,6-7 7-5 6-4 7-5,182,110.0,325,550.0
Australian Open,Grand Slam,2026-01-20,Hard,R128,5,Rafael Jodar,Rei Sakamoto,7-6 6-1 5-7 4-6 6-3,150,203.0,418,292.0
Australian Open,Grand Slam,2026-01-20,Hard,R128,5,Hubert Hurkacz,Zizou Bergs,6-7 7-6 6-3 6-3,55,43.0,965,1170.0
Australian Open,Grand Slam,2026-01-20,Hard,R128,5,James Duckworth,Dino Prizmic,7-6 3-6 1-6 7-5 6-3,88,127.0,694,481.0
Australian Open,Grand Slam,2026-01-20,Hard,R128,5,Taylor Fritz,Valentin Royer,7-6 5-7 6-1 6-3,9,58.0,3840,924.0
Australian Open,Grand Slam,2026-01-20,Hard,R128,5,Vit Kopriva,Jan Lennard Struff,4-6 6-2 2-6 6-3 6-1,101,86.0,626,706.0
Australian Open,Grand Slam,2026-01-20,Hard,R128,5,Jannik Sinner,Hugo Gaston,6-2 6-1 RET,2,93.0,11500,656.0
Australian Open,Grand Slam,2026-01-20,Hard,R128,5,Tomas Machac,Grigor Dimitrov,6-4 6-4 6-3,24,45.0,1610,1105.0
Australian Open,Grand Slam,2026-01-20,Hard,R128,5,Stefanos Tsitsipas,Shintaro Mochizuki,4-6 6-3 6-2 6-2,35,112.0,1455,547.0
Australian Open,Grand Slam,2026-01-21,Hard,R64,5,Fabian Marozsan,Kamil Majchrzak,6-3 6-4 7-6,47,59.0,1065,918.0
Australian Open,Grand Slam,2026-01-21,Hard,R64,5,Francisco Cerundolo,Damir Dzumhur,6-3 6-2 6-1,21,66.0,2035,837.0
Australian Open,Grand Slam,2026-01-21,Hard,R64,5,Tommy Paul,Thiago Agustin Tirante,6-3 6-4 6-2,20,103.0,2050,605.0
Australian Open,Grand Slam,2026-01-21,Hard,R64,5,Andrey Rublev,Jaime Faria,6-4 6-3 4-6 7-5,15,151.0,2600,413.0
Australian Open,Grand Slam,2026-01-21,Hard,R64,5,Daniil Medvedev,Quentin Halys,6-7 6-3 6-4 6-2,12,83.0,2910,725.0
Australian Open,Grand Slam,2026-01-21,Hard,R64,5,Tomas Martin Etcheverry,Arthur Fery,7-6 6-1 6-3,62,186.0,895,316.0
Australian Open,Grand Slam,2026-01-21,Hard,R64,5,Alejandro Davidovich Fokina,Reilly Opelka,6-3 7-6 5-7 4-6 6-4,14,63.0,2635,873.0
Australian Open,Grand Slam,2026-01-21,Hard,R64,5,Carlos Alcaraz,Yannick Hanfmann,7-6 6-3 6-2,1,102.0,12050,611.0
Australian Open,Grand Slam,2026-01-21,Hard,R64,5,Nuno Borges,Jordan Thompson,6-7 6-3 6-2 6-4,46,111.0,1070,548.0
Australian Open,Grand Slam,2026-01-21,Hard,R64,5,Corentin Moutet,Michael Zheng,3-6 6-1 6-3 2-0 RET,37,174.0,1383,337.0
Australian Open,Grand Slam,2026-01-21,Hard,R64,5,Learner Tien,Alexander Shevchenko,6-2 5-7 6-1 6-0,29,97.0,1540,650.0
Australian Open,Grand Slam,2026-01-21,Hard,R64,5,Cameron Norrie,Emilio Nava,6-1 7-6 4-6 7-6,27,89.0,1553,683.0
Australian Open,Grand Slam,2026-01-21,Hard,R64,5,Alexander Bublik,Marton Fucsovics,7-5 6-4 7-5,10,54.0,3065,967.0
Australian Open,Grand Slam,2026-01-21,Hard,R64,5,Alexander Zverev,Alexandre Muller,6-3 4-6 6-3 6-4,3,52.0,5105,980.0
Australian Open,Grand Slam,2026-01-21,Hard,R64,5,Alex De Minaur,Hamad Medjedovic,6-7 6-2 6-2 6-1,6,90.0,4080,681.0
Australian Open,Grand Slam,2026-01-21,Hard,R64,5,Frances Tiafoe,Francisco Comesana,6-4 6-3 4-6 6-2,34,68.0,1500,829.0
Australian Open,Grand Slam,2026-01-22,Hard,R64,5,Valentin Vacherot,Rinky Hijikata,6-1 6-3 4-6 6-2,31,114.0,1519,542.0
Australian Open,Grand Slam,2026-01-22,Hard,R64,5,Jakub Mensik,Rafael Jodar,6-2 6-4 6-4,17,150.0,2345,418.0
Australian Open,Grand Slam,2026-01-22,Hard,R64,5,Luciano Darderi,Sebastian Baez,6-3 1-6 6-4 6-3,25,36.0,1599,1390.0
Australian Open,Grand Slam,2026-01-22,Hard,R64,5,Karen Khachanov,Nishesh Basavareddy,6-1 6-4 6-3,18,242.0,2320,230.0
Australian Open,Grand Slam,2026-01-22,Hard,R64,5,Lorenzo Musetti,Lorenzo Sonego,6-3 6-3 6-4,5,40.0,4105,1240.0
Australian Open,Grand Slam,2026-01-22,Hard,R64,5,Ben Shelton,Dane Sweeny,6-3 6-2 6-2,7,182.0,4000,325.0
Australian Open,Grand Slam,2026-01-22,Hard,R64,5,Ethan Quinn,Hubert Hurkacz,6-4 7-6 6-1,80,55.0,733,965.0
Australian Open,Grand Slam,2026-01-22,Hard,R64,5,Novak Djokovic,Francesco Maestrelli,6-3 6-2 6-2,4,141.0,4780,436.0
Australian Open,Grand Slam,2026-01-22,Hard,R64,5,Botic Van De Zandschulp,Juncheng Shang,7-6 6-2 6-3,75,318.0,759,165.0
Australian Open,Grand Slam,2026-01-22,Hard,R64,5,Eliot Spizzirri,Yibing Wu,6-2 6-4 6-7 4-6 6-3,85,168.0,725,347.0
Australian Open,Grand Slam,2026-01-22,Hard,R64,5,Stan Wawrinka,Arthur Gea,4-6 6-3 3-6 7-5 7-6,139,198.0,437,300.0
Australian Open,Grand Slam,2026-01-22,Hard,R64,5,Tomas Machac,Stefanos Tsitsipas,6-4 3-6 7-6 7-6,24,35.0,1610,1455.0
Australian Open,Grand Slam,2026-01-22,Hard,R64,5,Marin Cilic,Denis Shapovalov,6-4 6-3 6-2,70,23.0,790,1650.0
Australian Open,Grand Slam,2026-01-22,Hard,R64,5,Taylor Fritz,Vit Kopriva,6-1 6-4 7-6,9,101.0,3840,626.0
Australian Open,Grand Slam,2026-01-22,Hard,R64,5,Jannik Sinner,James Duckworth,6-1 6-4 6-2,2,88.0,11500,694.0
Australian Open,Grand Slam,2026-01-22,Hard,R64,5,Casper Ruud,Jaume Munar,6-3 7-5 6-4,13,39.0,2795,1335.0
Australian Open,Grand Slam,2026-01-23,Hard,R32,5,Learner Tien,Nuno Borges,7-6 6-4 6-2,29,46.0,1540,1070.0
Australian Open,Grand Slam,2026-01-23,Hard,R32,5,Daniil Medvedev,Fabian Marozsan,6-7 4-6 7-5 6-0 6-3,12,47.0,2910,1065.0
Australian Open,Grand Slam,2026-01-23,Hard,R32,5,Tommy Paul,Alejandro Davidovich Fokina,6-1 6-1 RET,20,14.0,2050,2635.0
Australian Open,Grand Slam,2026-01-23,Hard,R32,5,Carlos Alcaraz,Corentin Moutet,6-2 6-4 6-1,1,37.0,12050,1383.0
Australian Open,Grand Slam,2026-01-23,Hard,R32,5,Francisco Cerundolo,Andrey Rublev,6-3 7-6 6-3,21,15.0,2035,2600.0
Australian Open,Grand Slam,2026-01-23,Hard,R32,5,Alex De Minaur,Frances Tiafoe,6-3 6-4 7-5,6,34.0,4080,1500.0
Australian Open,Grand Slam,2026-01-23,Hard,R32,5,Alexander Zverev,Cameron Norrie,7-5 4-6 6-3 6-1,3,27.0,5105,1553.0
Australian Open,Grand Slam,2026-01-23,Hard,R32,5,Alexander Bublik,Tomas Martin Etcheverry,7-6 7-6 6-4,10,62.0,3065,895.0
Australian Open,Grand Slam,2026-01-23,Hard,R32,5,Lorenzo Musetti,Tomas Machac,5-7 6-4 6-2 5-7 6-2,5,24.0,4105,1610.0
Australian Open,Grand Slam,2026-01-23,Hard,R32,5,Luciano Darderi,Karen Khachanov,7-6 3-6 6-3 6-4,25,18.0,1599,2320.0
Australian Open,Grand Slam,2026-01-24,Hard,R32,5,Jannik Sinner,Eliot Spizzirri,4-6 6-3 6-4 6-4,2,85.0,11500,725.0
Australian Open,Grand Slam,2026-01-24,Hard,R32,5,Ben Shelton,Valentin Vacherot,6-4 6-4 7-6,7,31.0,4000,1519.0
Australian Open,Grand Slam,2026-01-24,Hard,R32,5,Taylor Fritz,Stan Wawrinka,7-6 2-6 6-4 6-4,9,139.0,3840,437.0
Australian Open,Grand Slam,2026-01-24,Hard,R32,5,Novak Djokovic,Botic Van De Zandschulp,6-3 6-4 7-6,4,75.0,4780,759.0
Australian Open,Grand Slam,2026-01-24,Hard,R32,5,Jakub Mensik,Ethan Quinn,6-2 7-6 7-6,17,80.0,2345,733.0
Australian Open,Grand Slam,2026-01-24,Hard,R32,5,Casper Ruud,Marin Cilic,6-4 6-4 3-6 7-5,13,70.0,2795,790.0
Australian Open,Grand Slam,2026-01-25,Hard,R16,5,Carlos Alcaraz,Tommy Paul,7-6 6-4 7-5,1,20.0,12050,2050.0
Australian Open,Grand Slam,2026-01-25,Hard,R16,5,Alexander Zverev,Francisco Cerundolo,6-2 6-4 6-4,3,21.0,5105,2035.0
Australian Open,Grand Slam,2026-01-25,Hard,R16,5,Learner Tien,Daniil Medvedev,6-4 6-0 6-3,29,12.0,1540,2910.0
Australian Open,Grand Slam,2026-01-25,Hard,R16,5,Alex De Minaur,Alexander Bublik,6-4 6-1 6-1,6,10.0,4080,3065.0
Australian Open,Grand Slam,2026-01-26,Hard,R16,5,Lorenzo Musetti,Taylor Fritz,6-2 7-5 6-4,5,9.0,4105,3840.0
Australian Open,Grand Slam,2026-01-26,Hard,R16,5,Jannik Sinner,Luciano Darderi,6-1 6-3 7-6,2,25.0,11500,1599.0
Australian Open,Grand Slam,2026-01-26,Hard,R16,5,Novak Djokovic,Jakub Mensik,W/O,4,17.0,4780,2345.0
Australian Open,Grand Slam,2026-01-26,Hard,R16,5,Ben Shelton,Casper Ruud,3-6 6-4 6-3 6-4,7,13.0,4000,2795.0
Australian Open,Grand Slam,2026-01-27,Hard,QF,5,Alexander Zverev,Learner Tien,6-3 6-7 6-1 7-6,3,29.0,5105,1540.0
Australian Open,Grand Slam,2026-01-27,Hard,QF,5,Carlos Alcaraz,Alex De Minaur,7-5 6-2 6-1,1,6.0,12050,4080.0
Australian Open,Grand Slam,2026-01-28,Hard,QF,5,Novak Djokovic,Lorenzo Musetti,4-6 3-6 3-1 RET,4,5.0,4780,4105.0
Australian Open,Grand Slam,2026-01-28,Hard,QF,5,Jannik Sinner,Ben Shelton,6-3 6-4 6-4,2,7.0,11500,4000.0
Australian Open,Grand Slam,2026-01-30,Hard,SF,5,Carlos Alcaraz,Alexander Zverev,6-4 7-6 6-7 6-7 7-5,1,3.0,12050,5105.0
Australian Open,Grand Slam,2026-01-30,Hard,SF,5,Novak Djokovic,Jannik Sinner,3-6 6-3 4-6 6-4 6-4,4,2.0,4780,11500.0
Australian Open,Grand Slam,2026-02-01,Hard,F,5,Carlos Alcaraz,Novak Djokovic,2-6 6-2 6-3 7-5,1,4.0,12050,4780.0
Montpellier,ATP250,2026-02-02,Hard,R32,3,Adrian Mannarino,Pedro Martinez,7-6 6-1,70,77.0,810,728.0
Montpellier,ATP250,2026-02-02,Hard,R32,3,Arthur Gea,Giovanni Mpetshi Perricard,6-3 0-0 RET,168,57.0,353,905.0
Montpellier,ATP250,2026-02-02,Hard,R32,3,Roberto Bautista Agut,Christopher Oconnell,5-7 6-3 7-5,89,119.0,670,511.0
Montpellier,ATP250,2026-02-03,Hard,R32,3,Pablo Carreno Busta,Miomir Kecmanovic,4-6 6-3 7-6,100,69.0,616,820.0
Montpellier,ATP250,2026-02-03,Hard,R32,3,Martin Damm,Hubert Hurkacz,7-6 6-4,160,52.0,373,965.0
Montpellier,ATP250,2026-02-03,Hard,R32,3,Titouan Droguet,Jan Choinski,6-2 7-6,150,125.0,403,498.0
Montpellier,ATP250,2026-02-03,Hard,R32,3,Ugo Humbert,Botic Van De Zandschulp,6-3 6-4,38,67.0,1320,849.0
Montpellier,ATP250,2026-02-03,Hard,R32,3,Arthur Fils,Valentin Royer,7-6 6-7 6-2,42,56.0,1110,920.0
Montpellier,ATP250,2026-02-03,Hard,R32,3,Ugo Blanchet,Andrea Vavassori,6-4 6-3,174,282.0,343,185.0
Montpellier,ATP250,2026-02-04,Hard,R32,3,Luca Nardi,Nikoloz Basilashvili,6-3 6-3,106,137.0,571,464.0
Montpellier,ATP250,2026-02-04,Hard,R32,3,Aleksandar Kovacevic,Moise Kouame,6-7 6-2 6-2,83,551.0,709,70.0
Montpellier,ATP250,2026-02-04,Hard,R32,3,Stan Wawrinka,Hamad Medjedovic,7-6 6-4,113,80.0,537,717.0
Montpellier,ATP250,2026-02-04,Hard,R16,3,Martin Damm,Roberto Bautista Agut,6-1 6-3,160,89.0,373,670.0
Montpellier,ATP250,2026-02-04,Hard,R16,3,Adrian Mannarino,Ugo Humbert,6-7 6-3 7-6,70,38.0,810,1320.0
Montpellier,ATP250,2026-02-04,Hard,R16,3,Arthur Gea,Tomas Machac,6-3 4-5 RET,168,28.0,353,1610.0
Montpellier,ATP250,2026-02-05,Hard,R16,3,Titouan Droguet,Aleksandar Kovacevic,4-6 7-6 6-4,150,83.0,403,709.0
Montpellier,ATP250,2026-02-05,Hard,R16,3,Tallon Griekspoor,Pablo Carreno Busta,6-4 6-4,29,100.0,1565,616.0
Montpellier,ATP250,2026-02-05,Hard,R16,3,Luca Nardi,Flavio Cobolli,6-2 6-3,106,20.0,571,1955.0
Montpellier,ATP250,2026-02-05,Hard,R16,3,Felix Auger Aliassime,Stan Wawrinka,6-4 7-6,8,113.0,3725,537.0
Montpellier,ATP250,2026-02-05,Hard,R16,3,Arthur Fils,Ugo Blanchet,7-6 7-5,42,174.0,1110,343.0
Montpellier,ATP250,2026-02-06,Hard,QF,3,Adrian Mannarino,Arthur Gea,5-7 6-4 6-4,70,168.0,810,353.0
Montpellier,ATP250,2026-02-06,Hard,QF,3,Martin Damm,Luca Nardi,6-3 7-6,160,106.0,373,571.0
Montpellier,ATP250,2026-02-06,Hard,QF,3,Felix Auger Aliassime,Arthur Fils,6-4 6-2,8,42.0,3725,1110.0
Montpellier,ATP250,2026-02-06,Hard,QF,3,Titouan Droguet,Tallon Griekspoor,7-6 7-6,150,29.0,403,1565.0
Montpellier,ATP250,2026-02-07,Hard,SF,3,Adrian Mannarino,Martin Damm,1-6 6-3 6-4,70,160.0,810,373.0
Montpellier,ATP250,2026-02-07,Hard,SF,3,Felix Auger Aliassime,Titouan Droguet,6-4 6-7 6-1,8,150.0,3725,403.0
Montpellier,ATP250,2026-02-08,Hard,F,3,Felix Auger Aliassime,Adrian Mannarino,6-3 7-6,8,70.0,3725,810.0
Buenos Aires,ATP250,2026-02-09,Clay,R32,3,Hugo Dellien,Damir Dzumhur,6-4 6-1,167,62.0,355,877.0
Buenos Aires,ATP250,2026-02-09,Clay,R32,3,Pedro Martinez,Lautaro Midon,6-4 6-1,94,229.0,636,245.0
Buenos Aires,ATP250,2026-02-09,Clay,R32,3,Tomas Martin Etcheverry,Andrea Pellegrino,6-3 6-4,54,145.0,945,434.0
Buenos Aires,ATP250,2026-02-09,Clay,R32,3,Vit Kopriva,Alex Barrena,6-4 3-6 6-4,95,180.0,632,336.0
Buenos Aires,ATP250,2026-02-10,Clay,R32,3,Juan Manuel Cerundolo,Daniel Altmaier,6-2 6-2,80,51.0,717,995.0
Buenos Aires,ATP250,2026-02-10,Clay,R32,3,Tomas Barrios Vera,Thiago Seyboth Wild,4-6 6-5 RET,114,197.0,546,305.0
Buenos Aires,ATP250,2026-02-10,Clay,R32,3,Alejandro Tabilo,Facundo Diaz Acosta,7-6 6-3,71,285.0,774,182.0
Buenos Aires,ATP250,2026-02-10,Clay,R32,3,Roman Andres Burruchaga,Laslo Djere,6-2 6-4,104,91.0,568,651.0
Buenos Aires,ATP250,2026-02-10,Clay,R32,3,Ignacio Buse,Francesco Passaro,5-7 7-5 6-4,96,159.0,623,376.0
Buenos Aires,ATP250,2026-02-10,Clay,R32,3,Matteo Berrettini,Federico Coria,7-5 7-5,58,322.0,895,156.0
Buenos Aires,ATP250,2026-02-11,Clay,R32,3,Camilo Ugo Carabelli,Francisco Comesana,6-4 7-6,47,63.0,1028,869.0
Buenos Aires,ATP250,2026-02-11,Clay,R32,3,Mariano Navone,Emilio Nava,6-2 6-1,73,81.0,760,710.0
Buenos Aires,ATP250,2026-02-11,Clay,R16,3,Tomas Martin Etcheverry,Roman Andres Burruchaga,7-6 6-7 6-4,54,104.0,945,568.0
Buenos Aires,ATP250,2026-02-11,Clay,R16,3,Vit Kopriva,Matteo Berrettini,6-4 6-3,95,58.0,632,895.0
Buenos Aires,ATP250,2026-02-11,Clay,R16,3,Alejandro Tabilo,Joao Fonseca,6-3 3-6 7-5,71,33.0,774,1440.0
Buenos Aires,ATP250,2026-02-12,Clay,R16,3,Francisco Cerundolo,Hugo Dellien,6-0 7-6,19,167.0,2135,355.0
Buenos Aires,ATP250,2026-02-12,Clay,R16,3,Luciano Darderi,Tomas Barrios Vera,6-1 6-3,22,114.0,1789,546.0
Buenos Aires,ATP250,2026-02-12,Clay,R16,3,Pedro Martinez,Juan Manuel Cerundolo,7-6 6-4,94,80.0,636,717.0
Buenos Aires,ATP250,2026-02-12,Clay,R16,3,Sebastian Baez,Ignacio Buse,6-4 6-3,34,96.0,1420,623.0
Buenos Aires,ATP250,2026-02-12,Clay,R16,3,Camilo Ugo Carabelli,Mariano Navone,6-2 7-5,47,73.0,1028,760.0
Buenos Aires,ATP250,2026-02-13,Clay,QF,3,Tomas Martin Etcheverry,Alejandro Tabilo,1-6 6-3 6-4,54,71.0,945,774.0
Buenos Aires,ATP250,2026-02-13,Clay,QF,3,Francisco Cerundolo,Vit Kopriva,6-4 6-3,19,95.0,2135,632.0
Buenos Aires,ATP250,2026-02-13,Clay,QF,3,Sebastian Baez,Camilo Ugo Carabelli,7-6 6-2,34,47.0,1420,1028.0
Buenos Aires,ATP250,2026-02-14,Clay,QF,3,Luciano Darderi,Pedro Martinez,7-5 6-1,22,94.0,1789,636.0
Buenos Aires,ATP250,2026-02-14,Clay,SF,3,Francisco Cerundolo,Tomas Martin Etcheverry,6-3 7-5,19,54.0,2135,945.0
Buenos Aires,ATP250,2026-02-14,Clay,SF,3,Luciano Darderi,Sebastian Baez,7-6 6-1,22,34.0,1789,1420.0
Buenos Aires,ATP250,2026-02-15,Clay,F,3,Francisco Cerundolo,Luciano Darderi,6-4 6-2,19,22.0,2135,1789.0
Dallas,ATP500,2026-02-09,Hard,R32,3,Brandon Nakashima,Mattia Bellucci,6-3 6-4,29,107.0,1535,553.0
Dallas,ATP500,2026-02-09,Hard,R32,3,Alejandro Davidovich Fokina,Zachary Svajda,6-4 7-6,14,110.0,2535,551.0
Dallas,ATP500,2026-02-10,Hard,R32,3,Frances Tiafoe,Terence Atmane,4-6 6-2 6-2,30,64.0,1510,849.0
Dallas,ATP500,2026-02-10,Hard,R32,3,Sebastian Korda,Michael Zheng,6-3 6-4,53,151.0,960,414.0
Dallas,ATP500,2026-02-10,Hard,R32,3,Marin Cilic,Learner Tien,7-5 7-6,61,23.0,890,1710.0
Dallas,ATP500,2026-02-10,Hard,R32,3,Miomir Kecmanovic,Sho Shimabukuro,6-7 6-3 7-6,66,144.0,820,441.0
Dallas,ATP500,2026-02-10,Hard,R32,3,Alex Michelsen,Grigor Dimitrov,5-7 6-4 6-4,41,43.0,1160,1105.0
Dallas,ATP500,2026-02-10,Hard,R32,3,Jack Pinnington Jones,Flavio Cobolli,6-2 6-2,181,20.0,331,1955.0
Dallas,ATP500,2026-02-10,Hard,R32,3,Ben Shelton,Gabriel Diallo,6-4 6-4,9,38.0,3560,1175.0
Dallas,ATP500,2026-02-11,Hard,R32,3,Taylor Fritz,Marcos Giron,6-4 5-7 7-6,7,59.0,3940,895.0
Dallas,ATP500,2026-02-11,Hard,R32,3,Aleksandar Kovacevic,Patrick Kypson,6-4 7-6,78,109.0,721,552.0
Dallas,ATP500,2026-02-11,Hard,R32,3,Denis Shapovalov,Rafael Jodar,6-1 6-2,40,124.0,1160,498.0
Dallas,ATP500,2026-02-11,Hard,R32,3,Tommy Paul,Jenson Brooksby,4-6 6-4 7-6,24,45.0,1700,1042.0
Dallas,ATP500,2026-02-11,Hard,R32,3,Ethan Quinn,Trevor Svajda,7-6 7-5,74,363.0,758,131.0
Dallas,ATP500,2026-02-11,Hard,R32,3,Eliot Spizzirri,James Duckworth,6-2 6-4,68,83.0,781,691.0
Dallas,ATP500,2026-02-11,Hard,R32,3,Adrian Mannarino,Adam Walton,6-4 6-2,52,93.0,975,643.0
Dallas,ATP500,2026-02-11,Hard,R16,3,Alejandro Davidovich Fokina,Alex Michelsen,6-4 6-4,14,41.0,2535,1160.0
Dallas,ATP500,2026-02-12,Hard,R16,3,Taylor Fritz,Brandon Nakashima,6-3 6-4,7,29.0,3940,1535.0
Dallas,ATP500,2026-02-12,Hard,R16,3,Sebastian Korda,Frances Tiafoe,7-5 6-1,53,30.0,960,1510.0
Dallas,ATP500,2026-02-12,Hard,R16,3,Marin Cilic,Ethan Quinn,7-6 6-3,61,74.0,890,758.0
Dallas,ATP500,2026-02-12,Hard,R16,3,Jack Pinnington Jones,Eliot Spizzirri,7-6 4-6 7-6,181,68.0,331,781.0
Dallas,ATP500,2026-02-12,Hard,R16,3,Denis Shapovalov,Aleksandar Kovacevic,6-4 6-4,40,78.0,1160,721.0
Dallas,ATP500,2026-02-13,Hard,R16,3,Ben Shelton,Adrian Mannarino,7-6 6-7 6-3,9,52.0,3560,975.0
Dallas,ATP500,2026-02-13,Hard,R16,3,Miomir Kecmanovic,Tommy Paul,5-7 6-4 6-4,66,24.0,820,1700.0
Dallas,ATP500,2026-02-13,Hard,QF,3,Marin Cilic,Jack Pinnington Jones,6-1 6-4,61,181.0,890,331.0
Dallas,ATP500,2026-02-13,Hard,QF,3,Taylor Fritz,Sebastian Korda,6-7 6-4 7-6,7,53.0,3940,960.0
Dallas,ATP500,2026-02-14,Hard,QF,3,Ben Shelton,Miomir Kecmanovic,5-7 6-3 6-4,9,66.0,3560,820.0
Dallas,ATP500,2026-02-14,Hard,QF,3,Denis Shapovalov,Alejandro Davidovich Fokina,5-7 6-4 6-3,40,14.0,1160,2535.0
Dallas,ATP500,2026-02-14,Hard,SF,3,Taylor Fritz,Marin Cilic,7-6 7-6,7,61.0,3940,890.0
Dallas,ATP500,2026-02-14,Hard,SF,3,Ben Shelton,Denis Shapovalov,4-6 6-4 7-6,9,40.0,3560,1160.0
Dallas,ATP500,2026-02-15,Hard,F,3,Ben Shelton,Taylor Fritz,3-6 6-3 7-5,9,7.0,3560,3940.0
Rotterdam,ATP500,2026-02-09,Hard,R32,3,Cameron Norrie,Roberto Bautista Agut,7-6 6-1,26,85.0,1603,685.0
Rotterdam,ATP500,2026-02-09,Hard,R32,3,Ugo Humbert,Daniil Medvedev,7-6 3-6 6-3,36,11.0,1335,3060.0
Rotterdam,ATP500,2026-02-09,Hard,R32,3,Christopher Oconnell,Valentin Royer,6-4 4-6 7-6,119,57.0,511,897.0
Rotterdam,ATP500,2026-02-09,Hard,R32,3,Botic Van De Zandschulp,Luka Pavlovic,7-6 6-3,65,219.0,849,262.0
Rotterdam,ATP500,2026-02-09,Hard,R32,3,Jaume Munar,Nicolai Budkov Kjaer,6-1 6-3,37,132.0,1185,476.0
Rotterdam,ATP500,2026-02-10,Hard,R32,3,Quentin Halys,Mees Rottgering,3-6 6-1 6-1,77,614.0,725,59.0
Rotterdam,ATP500,2026-02-10,Hard,R32,3,Tallon Griekspoor,Giovanni Mpetshi Perricard,6-4 6-4,27,56.0,1585,905.0
Rotterdam,ATP500,2026-02-10,Hard,R32,3,Jan Lennard Struff,Hugo Grenier,6-0 6-4,82,188.0,706,323.0
Rotterdam,ATP500,2026-02-10,Hard,R32,3,Alex De Minaur,Arthur Fils,7-6 6-2,8,42.0,3835,1110.0
Rotterdam,ATP500,2026-02-10,Hard,R32,3,Zizou Bergs,Hamad Medjedovic,6-7 6-7,39,79.0,1170,717.0
Rotterdam,ATP500,2026-02-11,Hard,R32,3,Stan Wawrinka,Thijs Boogaard,6-3 6-4,106,1048.0,562,14.0
Rotterdam,ATP500,2026-02-11,Hard,R32,3,Guy Den Ouden,Marton Fucsovics,7-6 6-1,169,49.0,355,1009.0
Rotterdam,ATP500,2026-02-11,Hard,R32,3,Stefanos Tsitsipas,Arthur Rinderknech,7-5 6-3,32,28.0,1445,1542.0
Rotterdam,ATP500,2026-02-11,Hard,R32,3,Karen Khachanov,Jesper De Jong,3-6 6-4 7-5,18,86.0,2320,673.0
Rotterdam,ATP500,2026-02-11,Hard,R32,3,Alexander Bublik,Hubert Hurkacz,6-7 7-6 7-5,10,70.0,3235,775.0
Rotterdam,ATP500,2026-02-11,Hard,R32,3,Felix Auger Aliassime,Alexei Popyrin,7-5 6-3,6,50.0,3950,1000.0
Rotterdam,ATP500,2026-02-11,Hard,R16,3,Christopher Oconnell,Cameron Norrie,7-6 6-4,119,26.0,511,1603.0
Rotterdam,ATP500,2026-02-11,Hard,R16,3,Tallon Griekspoor,Quentin Halys,7-5 7-6,27,77.0,1585,725.0
Rotterdam,ATP500,2026-02-12,Hard,R16,3,Ugo Humbert,Guy Den Ouden,6-4 6-3,36,169.0,1335,355.0
Rotterdam,ATP500,2026-02-12,Hard,R16,3,Jaume Munar,Karen Khachanov,7-6 3-6 6-3,37,18.0,1185,2320.0
Rotterdam,ATP500,2026-02-12,Hard,R16,3,Botic Van De Zandschulp,Stefanos Tsitsipas,6-4 7-6,65,32.0,849,1445.0
Rotterdam,ATP500,2026-02-12,Hard,R16,3,Alex De Minaur,Stan Wawrinka,6-4 6-2,8,106.0,3835,562.0
Rotterdam,ATP500,2026-02-12,Hard,R16,3,Felix Auger Aliassime,Hamad Medjedovic,6-4 6-4,6,79.0,3950,717.0
Rotterdam,ATP500,2026-02-12,Hard,R16,3,Alexander Bublik,Jan Lennard Struff,7-6 4-6 6-3,10,82.0,3235,706.0
Rotterdam,ATP500,2026-02-13,Hard,QF,3,Ugo Humbert,Christopher Oconnell,6-4 6-1,36,119.0,1335,511.0
Rotterdam,ATP500,2026-02-13,Hard,QF,3,Alex De Minaur,Botic Van De Zandschulp,3-6 7-6 7-5,8,65.0,3835,849.0
Rotterdam,ATP500,2026-02-13,Hard,QF,3,Felix Auger Aliassime,Tallon Griekspoor,7-6 6-2,6,27.0,3950,1585.0
Rotterdam,ATP500,2026-02-13,Hard,QF,3,Alexander Bublik,Jaume Munar,6-4 6-7 7-6,10,37.0,3235,1185.0
Rotterdam,ATP500,2026-02-14,Hard,SF,3,Alex De Minaur,Ugo Humbert,6-4 6-3,8,36.0,3835,1335.0
Rotterdam,ATP500,2026-02-14,Hard,SF,3,Felix Auger Aliassime,Alexander Bublik,6-1 6-2,6,10.0,3950,3235.0
Rotterdam,ATP500,2026-02-15,Hard,F,3,Alex De Minaur,Felix Auger Aliassime,6-3 6-2,8,6.0,3835,3950.0
Delray Beach,ATP250,2026-02-16,Hard,R32,3,Terence Atmane,Patrick Kypson,6-3 2-6 6-4,66,105.0,833,565.0
Delray Beach,ATP250,2026-02-16,Hard,R32,3,Coleman Wong,Nuno Borges,7-6 4-6 6-3,137,45.0,458,1070.0
Delray Beach,ATP250,2026-02-16,Hard,R32,3,Alex Michelsen,Valentin Vacherot,7-6 6-4,41,26.0,1110,1605.0
Delray Beach,ATP250,2026-02-16,Hard,R32,3,Marcos Giron,Sho Shimabukuro,6-3 7-5,64,135.0,855,466.0
Delray Beach,ATP250,2026-02-17,Hard,R32,3,Frances Tiafoe,Rinky Hijikata,6-4 6-4,28,113.0,1550,546.0
Delray Beach,ATP250,2026-02-17,Hard,R32,3,Zachary Svajda,Aleksandar Kovacevic,7-6 6-3,106,75.0,563,746.0
Delray Beach,ATP250,2026-02-17,Hard,R32,3,Sebastian Korda,Mackenzie Mcdonald,6-4 7-5,50,116.0,1020,535.0
Delray Beach,ATP250,2026-02-17,Hard,R32,3,Brandon Nakashima,Marin Cilic,7-6 7-6,29,43.0,1535,1090.0
Delray Beach,ATP250,2026-02-17,Hard,R32,3,Rafael Jodar,Ethan Quinn,6-2 6-3,118,70.0,523,776.0
Delray Beach,ATP250,2026-02-17,Hard,R32,3,Adam Walton,Gabriel Diallo,7-6 6-3,93,39.0,643,1175.0
Delray Beach,ATP250,2026-02-17,Hard,R32,3,Miomir Kecmanovic,Mattia Bellucci,6-1 6-4,83,109.0,670,553.0
Delray Beach,ATP250,2026-02-18,Hard,R32,3,Tommy Paul,Corentin Moutet,4-6 6-3 6-4,24,34.0,1700,1383.0
Delray Beach,ATP250,2026-02-18,Hard,R16,3,Flavio Cobolli,Terence Atmane,7-5 6-4,20,66.0,1955,833.0
Delray Beach,ATP250,2026-02-18,Hard,R16,3,Coleman Wong,Brandon Nakashima,6-4 7-6,137,29.0,458,1535.0
Delray Beach,ATP250,2026-02-18,Hard,R16,3,Sebastian Korda,Alex Michelsen,6-3 7-6,50,41.0,1020,1110.0
Delray Beach,ATP250,2026-02-19,Hard,R16,3,Casper Ruud,Marcos Giron,4-6 7-6 6-4,13,64.0,2625,855.0
Delray Beach,ATP250,2026-02-19,Hard,R16,3,Learner Tien,Miomir Kecmanovic,6-4 6-7 7-6,23,83.0,1710,670.0
Delray Beach,ATP250,2026-02-19,Hard,R16,3,Frances Tiafoe,Zachary Svajda,6-4 3-6 7-5,28,106.0,1550,563.0
Delray Beach,ATP250,2026-02-19,Hard,R16,3,Tommy Paul,Adam Walton,7-6 6-3,24,93.0,1700,643.0
Delray Beach,ATP250,2026-02-20,Hard,R16,3,Taylor Fritz,Rafael Jodar,7-6 6-4,8,118.0,4220,523.0
Delray Beach,ATP250,2026-02-20,Hard,QF,3,Flavio Cobolli,Coleman Wong,7-5 6-7 6-2,20,137.0,1955,458.0
Delray Beach,ATP250,2026-02-20,Hard,QF,3,Sebastian Korda,Casper Ruud,4-6 6-2 6-2,50,13.0,1020,2625.0
Delray Beach,ATP250,2026-02-20,Hard,QF,3,Learner Tien,Frances Tiafoe,7-6 3-6 7-5,23,28.0,1710,1550.0
Delray Beach,ATP250,2026-02-21,Hard,QF,3,Tommy Paul,Taylor Fritz,6-4 6-3,24,8.0,1700,4220.0
Delray Beach,ATP250,2026-02-21,Hard,SF,3,Sebastian Korda,Flavio Cobolli,7-6 6-1,50,20.0,1020,1955.0
Delray Beach,ATP250,2026-02-22,Hard,SF,3,Tommy Paul,Learner Tien,4-6 6-4 6-3,24,23.0,1700,1710.0
Delray Beach,ATP250,2026-02-22,Hard,F,3,Sebastian Korda,Tommy Paul,6-4 6-3,50,24.0,1020,1700.0
Doha,ATP500,2026-02-16,Hard,R32,3,Alexei Popyrin,Mubarak Shannan Zayid,6-0 6-2,53,,1000,
Doha,ATP500,2026-02-16,Hard,R32,3,Valentin Royer,Pierre Hugues Herbert,6-0 6-3,60,190.0,897,313.0
Doha,ATP500,2026-02-16,Hard,R32,3,Jakub Mensik,Jan Choinski,6-7 6-2 6-4,16,124.0,2425,498.0
Doha,ATP500,2026-02-16,Hard,R32,3,Arthur Fils,Kamil Majchrzak,6-7 6-3 6-4,40,56.0,1110,920.0
Doha,ATP500,2026-02-16,Hard,R32,3,Jannik Sinner,Tomas Machac,6-1 6-4,2,31.0,10300,1510.0
Doha,ATP500,2026-02-16,Hard,R32,3,Daniil Medvedev,Juncheng Shang,6-4 6-2,11,261.0,3010,205.0
Doha,ATP500,2026-02-17,Hard,R32,3,Stefanos Tsitsipas,Moez Echargui,6-4 6-4,33,139.0,1485,449.0
Doha,ATP500,2026-02-17,Hard,R32,3,Quentin Halys,Pablo Carreno Busta,4-6 7-5 6-3,72,123.0,762,504.0
Doha,ATP500,2026-02-17,Hard,R32,3,Marton Fucsovics,Hady Habib,6-3 6-3,61,334.0,891,143.0
Doha,ATP500,2026-02-17,Hard,R32,3,Jiri Lehecka,Jenson Brooksby,6-3 6-3,22,47.0,1860,1042.0
Doha,ATP500,2026-02-17,Hard,R32,3,Karen Khachanov,Shintaro Mochizuki,6-1 3-6 6-4,17,117.0,2360,525.0
Doha,ATP500,2026-02-17,Hard,R32,3,Zhizhen Zhang,Roberto Carballes Baena,6-4 6-4,319,175.0,155,350.0
Doha,ATP500,2026-02-17,Hard,R32,3,Fabian Marozsan,Ugo Humbert,6-3 6-1,48,36.0,1040,1285.0
Doha,ATP500,2026-02-17,Hard,R32,3,Zizou Bergs,Giovanni Mpetshi Perricard,6-3 6-7 6-4,44,58.0,1080,905.0
Doha,ATP500,2026-02-17,Hard,R32,3,Carlos Alcaraz,Arthur Rinderknech,6-4 7-6,1,30.0,13150,1530.0
Doha,ATP500,2026-02-17,Hard,R32,3,Andrey Rublev,Jesper De Jong,6-4 6-3,14,86.0,2510,665.0
Doha,ATP500,2026-02-18,Hard,R16,3,Karen Khachanov,Marton Fucsovics,6-2 4-6 6-4,17,61.0,2360,891.0
Doha,ATP500,2026-02-18,Hard,R16,3,Arthur Fils,Quentin Halys,6-1 7-6,40,72.0,1110,762.0
Doha,ATP500,2026-02-18,Hard,R16,3,Jiri Lehecka,Zizou Bergs,6-2 6-1,22,44.0,1860,1080.0
Doha,ATP500,2026-02-18,Hard,R16,3,Stefanos Tsitsipas,Daniil Medvedev,6-3 6-4,33,11.0,1485,3010.0
Doha,ATP500,2026-02-18,Hard,R16,3,Andrey Rublev,Fabian Marozsan,6-2 6-4,14,48.0,2510,1040.0
Doha,ATP500,2026-02-18,Hard,R16,3,Jakub Mensik,Zhizhen Zhang,6-3 6-2,16,319.0,2425,155.0
Doha,ATP500,2026-02-18,Hard,R16,3,Jannik Sinner,Alexei Popyrin,6-3 7-5,2,53.0,10300,1000.0
Doha,ATP500,2026-02-18,Hard,R16,3,Carlos Alcaraz,Valentin Royer,6-2 7-5,1,60.0,13150,897.0
Doha,ATP500,2026-02-19,Hard,QF,3,Andrey Rublev,Stefanos Tsitsipas,6-3 7-6,14,33.0,2510,1485.0
Doha,ATP500,2026-02-19,Hard,QF,3,Arthur Fils,Jiri Lehecka,6-3 6-3,40,22.0,1110,1860.0
Doha,ATP500,2026-02-19,Hard,QF,3,Carlos Alcaraz,Karen Khachanov,6-7 6-4 6-3,1,17.0,13150,2360.0
Doha,ATP500,2026-02-19,Hard,QF,3,Jakub Mensik,Jannik Sinner,7-6 2-6 6-3,16,2.0,2425,10300.0
Doha,ATP500,2026-02-20,Hard,SF,3,Carlos Alcaraz,Andrey Rublev,7-6 6-4,1,14.0,13150,2510.0
Doha,ATP500,2026-02-20,Hard,SF,3,Arthur Fils,Jakub Mensik,6-4 7-6,40,16.0,1110,2425.0
Doha,ATP500,2026-02-21,Hard,F,3,Carlos Alcaraz,Arthur Fils,6-2 6-1,1,40.0,13150,1110.0
Rio de Janeiro,ATP500,2026-02-16,Clay,R32,3,Thiago Agustin Tirante,Cristian Garin,7-5 6-3,92,89.0,647,656.0
Rio de Janeiro,ATP500,2026-02-16,Clay,R32,3,Dusan Lajovic,Daniel Altmaier,6-4 7-6,129,54.0,485,961.0
Rio de Janeiro,ATP500,2026-02-16,Clay,R32,3,Alejandro Tabilo,Emilio Nava,6-3 6-3,68,76.0,808,710.0
Rio de Janeiro,ATP500,2026-02-16,Clay,R32,3,Vit Kopriva,Gustavo Heide,6-2 7-6,87,258.0,660,207.0
Rio de Janeiro,ATP500,2026-02-16,Clay,R32,3,Ignacio Buse,Igor Ribeiro Marcondes,4-6 7-5 6-4,91,348.0,648,138.0
Rio de Janeiro,ATP500,2026-02-17,Clay,R32,3,Yannick Hanfmann,Joao Lucas Reis Da Silva,7-6 6-4,90,207.0,653,291.0
Rio de Janeiro,ATP500,2026-02-17,Clay,R32,3,Roman Andres Burruchaga,Camilo Ugo Carabelli,6-3 6-4,102,46.0,580,1068.0
Rio de Janeiro,ATP500,2026-02-17,Clay,R32,3,Francesco Passaro,Dino Prizmic,6-3 6-4,163,122.0,376,507.0
Rio de Janeiro,ATP500,2026-02-17,Clay,R32,3,Tomas Martin Etcheverry,Francisco Comesana,3-6 6-3 6-4,51,63.0,1020,869.0
Rio de Janeiro,ATP500,2026-02-17,Clay,R32,3,Matteo Berrettini,Tomas Barrios Vera,7-6 7-5,57,107.0,910,563.0
Rio de Janeiro,ATP500,2026-02-17,Clay,R32,3,Juan Manuel Cerundolo,Luciano Darderi,6-1 3-6 6-4,78,21.0,706,1904.0
Rio de Janeiro,ATP500,2026-02-17,Clay,R32,3,Francisco Cerundolo,Mariano Navone,6-3 6-4,19,74.0,2220,750.0
Rio de Janeiro,ATP500,2026-02-17,Clay,R32,3,Joao Fonseca,Thiago Monteiro,7-6 6-1,38,208.0,1190,290.0
Rio de Janeiro,ATP500,2026-02-17,Clay,R32,3,Damir Dzumhur,Pedro Martinez,0-6 7-6 6-4,62,101.0,877,586.0
Rio de Janeiro,ATP500,2026-02-18,Clay,R32,3,Jaime Faria,Sebastian Baez,7-5 6-1,147,32.0,425,1495.0
Rio de Janeiro,ATP500,2026-02-18,Clay,R32,3,Vilius Gaubas,Luis Felipe Miguel,6-3 2-6 6-2,126,1593.0,490,3.0
Rio de Janeiro,ATP500,2026-02-18,Clay,R16,3,Vit Kopriva,Roman Andres Burruchaga,6-3 6-1,87,102.0,660,580.0
Rio de Janeiro,ATP500,2026-02-18,Clay,R16,3,Juan Manuel Cerundolo,Yannick Hanfmann,6-4 6-7 6-4,78,90.0,706,653.0
Rio de Janeiro,ATP500,2026-02-18,Clay,R16,3,Thiago Agustin Tirante,Francisco Cerundolo,6-2 3-1 RET,92,19.0,647,2220.0
Rio de Janeiro,ATP500,2026-02-19,Clay,R16,3,Alejandro Tabilo,Francesco Passaro,4-6 7-6 6-2,68,163.0,808,376.0
Rio de Janeiro,ATP500,2026-02-19,Clay,R16,3,Jaime Faria,Damir Dzumhur,7-6 6-4,147,62.0,425,877.0
Rio de Janeiro,ATP500,2026-02-19,Clay,R16,3,Tomas Martin Etcheverry,Vilius Gaubas,7-6 6-4,51,126.0,1020,490.0
Rio de Janeiro,ATP500,2026-02-20,Clay,R16,3,Ignacio Buse,Joao Fonseca,5-7 6-3 6-4,91,38.0,648,1190.0
Rio de Janeiro,ATP500,2026-02-20,Clay,R16,3,Matteo Berrettini,Dusan Lajovic,3-6 6-4 6-2,57,129.0,910,485.0
Rio de Janeiro,ATP500,2026-02-20,Clay,QF,3,Vit Kopriva,Juan Manuel Cerundolo,6-4 6-4,87,78.0,660,706.0
Rio de Janeiro,ATP500,2026-02-20,Clay,QF,3,Tomas Martin Etcheverry,Jaime Faria,7-6 6-4,51,147.0,1020,425.0
Rio de Janeiro,ATP500,2026-02-20,Clay,QF,3,Ignacio Buse,Matteo Berrettini,6-3 2-6 6-3,91,57.0,648,910.0
Rio de Janeiro,ATP500,2026-02-21,Clay,QF,3,Alejandro Tabilo,Thiago Agustin Tirante,7-6 6-7 6-1,68,92.0,808,647.0
Rio de Janeiro,ATP500,2026-02-22,Clay,SF,3,Tomas Martin Etcheverry,Vit Kopriva,4-6 7-6 7-6,51,87.0,1020,660.0
Rio de Janeiro,ATP500,2026-02-22,Clay,SF,3,Alejandro Tabilo,Ignacio Buse,6-3 6-3,68,91.0,808,648.0
Rio de Janeiro,ATP500,2026-02-22,Clay,F,3,Tomas Martin Etcheverry,Alejandro Tabilo,3-6 7-6 6-4,51,68.0,1020,808.0
Acapulco,ATP500,2026-02-24,Hard,R32,3,Miomir Kecmanovic,Tristan Schoolkate,6-2 6-2,84,108.0,685,556.0
Acapulco,ATP500,2026-02-24,Hard,R32,3,Alejandro Davidovich Fokina,Daniel Altmaier,7-5 6-3,14,53.0,2470,961.0
Acapulco,ATP500,2026-02-24,Hard,R32,3,Brandon Nakashima,Elias Ymer,6-3 6-4,29,190.0,1535,328.0
Acapulco,ATP500,2026-02-24,Hard,R32,3,Patrick Kypson,Alex De Minaur,6-1 6-7 7-6,103,6.0,565,4235.0
Acapulco,ATP500,2026-02-24,Hard,R32,3,Valentin Vacherot,Coleman Wong,4-6 6-3 6-2,27,125.0,1591,515.0
Acapulco,ATP500,2026-02-24,Hard,R32,3,Aleksandar Kovacevic,Adam Walton,7-6 7-6,75,87.0,746,669.0
Acapulco,ATP500,2026-02-24,Hard,R32,3,Rafael Jodar,Cameron Norrie,6-3 6-2,114,26.0,548,1603.0
Acapulco,ATP500,2026-02-25,Hard,R32,3,Dalibor Svrcina,James Duckworth,6-4 6-1,123,83.0,519,691.0
Acapulco,ATP500,2026-02-25,Hard,R32,3,Flavio Cobolli,Rodrigo Pacheco Mendez,7-6 7-6,20,218.0,2030,270.0
Acapulco,ATP500,2026-02-25,Hard,R32,3,Terence Atmane,Grigor Dimitrov,6-3 6-3,63,44.0,858,1105.0
Acapulco,ATP500,2026-02-25,Hard,R32,3,Mattia Bellucci,Rinky Hijikata,7-6 6-3,110,115.0,553,547.0
Acapulco,ATP500,2026-02-25,Hard,R32,3,Alexander Zverev,Corentin Moutet,6-2 6-4,4,35.0,4555,1383.0
Acapulco,ATP500,2026-02-25,Hard,R32,3,Frances Tiafoe,Nuno Borges,6-4 6-4,28,48.0,1590,1045.0
Acapulco,ATP500,2026-02-25,Hard,R32,3,Yibing Wu,Casper Ruud,7-6 7-6,142,12.0,434,2665.0
Acapulco,ATP500,2026-02-25,Hard,R32,3,Gael Monfils,Damir Dzumhur,6-4 7-6,170,60.0,360,877.0
Acapulco,ATP500,2026-02-25,Hard,R32,3,Sho Shimabukuro,Adrian Mannarino,6-3 6-4,130,51.0,479,1025.0
Acapulco,ATP500,2026-02-26,Hard,R16,3,Flavio Cobolli,Dalibor Svrcina,6-4 6-4,20,123.0,2030,519.0
Acapulco,ATP500,2026-02-26,Hard,R16,3,Terence Atmane,Rafael Jodar,6-2 4-6 6-1,63,114.0,858,548.0
Acapulco,ATP500,2026-02-26,Hard,R16,3,Miomir Kecmanovic,Alexander Zverev,6-3 6-7 7-6,84,4.0,685,4555.0
Acapulco,ATP500,2026-02-26,Hard,R16,3,Brandon Nakashima,Patrick Kypson,6-4 6-4,29,103.0,1535,565.0
Acapulco,ATP500,2026-02-26,Hard,R16,3,Yibing Wu,Sho Shimabukuro,6-3 7-6,142,130.0,434,479.0
Acapulco,ATP500,2026-02-26,Hard,R16,3,Frances Tiafoe,Aleksandar Kovacevic,6-4 3-6 7-6,28,75.0,1590,746.0
Acapulco,ATP500,2026-02-26,Hard,R16,3,Mattia Bellucci,Alejandro Davidovich Fokina,6-3 6-3,110,14.0,553,2470.0
Acapulco,ATP500,2026-02-26,Hard,R16,3,Valentin Vacherot,Gael Monfils,6-3 6-3,27,170.0,1591,360.0
Acapulco,ATP500,2026-02-27,Hard,QF,3,Flavio Cobolli,Yibing Wu,7-6 6-1,20,142.0,2030,434.0
Acapulco,ATP500,2026-02-27,Hard,QF,3,Miomir Kecmanovic,Terence Atmane,6-3 6-3,84,63.0,685,858.0
Acapulco,ATP500,2026-02-27,Hard,QF,3,Frances Tiafoe,Mattia Bellucci,6-3 6-4,28,110.0,1590,553.0
Acapulco,ATP500,2026-02-27,Hard,QF,3,Brandon Nakashima,Valentin Vacherot,2-6 6-2 6-3,29,27.0,1535,1591.0
Acapulco,ATP500,2026-02-28,Hard,SF,3,Flavio Cobolli,Miomir Kecmanovic,7-6 3-6 6-4,20,84.0,2030,685.0
Acapulco,ATP500,2026-02-28,Hard,SF,3,Frances Tiafoe,Brandon Nakashima,3-6 7-6 6-4,28,29.0,1590,1535.0
Acapulco,ATP500,2026-03-01,Hard,F,3,Flavio Cobolli,Frances Tiafoe,7-6 6-4,20,28.0,2030,1590.0
Dubai,ATP500,2026-02-23,Hard,R32,3,Giovanni Mpetshi Perricard,Moez Echargui,7-6 6-7 7-6,58,141.0,905,435.0
Dubai,ATP500,2026-02-23,Hard,R32,3,Stan Wawrinka,Benjamin Hassan,7-5 6-3,99,289.0,599,180.0
Dubai,ATP500,2026-02-23,Hard,R32,3,Felix Auger Aliassime,Zhizhen Zhang,6-3 7-6,8,263.0,4080,205.0
Dubai,ATP500,2026-02-23,Hard,R32,3,Jack Draper,Quentin Halys,7-6 6-3,15,68.0,2460,800.0
Dubai,ATP500,2026-02-24,Hard,R32,3,Jenson Brooksby,Zizou Bergs,6-3 6-4,49,46.0,1042,1080.0
Dubai,ATP500,2026-02-24,Hard,R32,3,Pablo Carreno Busta,Denis Shapovalov,6-2 6-4,124,36.0,516,1350.0
Dubai,ATP500,2026-02-24,Hard,R32,3,Daniil Medvedev,Juncheng Shang,6-1 6-3,11,262.0,2960,205.0
Dubai,ATP500,2026-02-24,Hard,R32,3,Karen Khachanov,Alexander Shevchenko,6-7 6-2 6-3,16,92.0,2450,656.0
Dubai,ATP500,2026-02-24,Hard,R32,3,Arthur Rinderknech,Fabian Marozsan,3-6 6-3 6-4,31,50.0,1530,1040.0
Dubai,ATP500,2026-02-24,Hard,R32,3,Alexander Bublik,Jan Lennard Struff,6-3 6-4,10,80.0,3405,706.0
Dubai,ATP500,2026-02-24,Hard,R32,3,Tallon Griekspoor,Otto Virtanen,6-3 6-4,25,131.0,1655,475.0
Dubai,ATP500,2026-02-24,Hard,R32,3,Jiri Lehecka,Luca Nardi,4-6 6-4 6-2,24,109.0,1760,554.0
Dubai,ATP500,2026-02-24,Hard,R32,3,Ugo Humbert,Stefanos Tsitsipas,6-4 7-5,37,30.0,1285,1535.0
Dubai,ATP500,2026-02-24,Hard,R32,3,Alexei Popyrin,Kamil Majchrzak,3-6 6-3 7-5,47,56.0,1050,920.0
Dubai,ATP500,2026-02-24,Hard,R32,3,Jakub Mensik,Hubert Hurkacz,6-4 7-6,13,73.0,2595,775.0
Dubai,ATP500,2026-02-24,Hard,R32,3,Andrey Rublev,Valentin Royer,6-3 6-4,18,54.0,2210,935.0
Dubai,ATP500,2026-02-25,Hard,R16,3,Daniil Medvedev,Stan Wawrinka,6-2 6-3,11,99.0,2960,599.0
Dubai,ATP500,2026-02-25,Hard,R16,3,Jenson Brooksby,Karen Khachanov,7-6 6-4,49,16.0,1042,2450.0
Dubai,ATP500,2026-02-25,Hard,R16,3,Felix Auger Aliassime,Giovanni Mpetshi Perricard,6-4 6-4,8,58.0,4080,905.0
Dubai,ATP500,2026-02-25,Hard,R16,3,Jiri Lehecka,Pablo Carreno Busta,7-6 6-4,24,124.0,1760,516.0
Dubai,ATP500,2026-02-25,Hard,R16,3,Tallon Griekspoor,Alexander Bublik,6-3 7-6,25,10.0,1655,3405.0
Dubai,ATP500,2026-02-25,Hard,R16,3,Andrey Rublev,Ugo Humbert,6-4 6-7 6-3,18,37.0,2210,1285.0
Dubai,ATP500,2026-02-25,Hard,R16,3,Jakub Mensik,Alexei Popyrin,6-3 6-2,13,47.0,2595,1050.0
Dubai,ATP500,2026-02-25,Hard,R16,3,Arthur Rinderknech,Jack Draper,7-5 6-7 6-4,31,15.0,1530,2460.0
Dubai,ATP500,2026-02-26,Hard,QF,3,Daniil Medvedev,Jenson Brooksby,6-2 6-1,11,49.0,2960,1042.0
Dubai,ATP500,2026-02-26,Hard,QF,3,Felix Auger Aliassime,Jiri Lehecka,6-3 7-6,8,24.0,4080,1760.0
Dubai,ATP500,2026-02-26,Hard,QF,3,Andrey Rublev,Arthur Rinderknech,6-2 6-4,18,31.0,2210,1530.0
Dubai,ATP500,2026-02-26,Hard,QF,3,Tallon Griekspoor,Jakub Mensik,6-3 3-6 6-2,25,13.0,1655,2595.0
Dubai,ATP500,2026-02-27,Hard,SF,3,Daniil Medvedev,Felix Auger Aliassime,6-4 6-2,11,8.0,2960,4080.0
Dubai,ATP500,2026-02-27,Hard,SF,3,Tallon Griekspoor,Andrey Rublev,7-5 7-6,25,18.0,1655,2210.0
Dubai,ATP500,2026-02-28,Hard,F,3,Daniil Medvedev,Tallon Griekspoor,W/O,11,25.0,2960,1655.0
Santiago,ATP250,2026-02-23,Clay,R32,3,Yannick Hanfmann,Dusan Lajovic,6-0 6-3,81,116.0,695,541.0
Santiago,ATP250,2026-02-23,Clay,R32,3,Andrea Pellegrino,Alex Barrena,6-2 2-6 6-1,137,183.0,447,336.0
Santiago,ATP250,2026-02-23,Clay,R32,3,Francisco Comesana,Pedro Martinez,6-4 2-6 7-6,82,101.0,694,586.0
Santiago,ATP250,2026-02-23,Clay,R32,3,Dino Prizmic,Nicolas Jarry,6-3 5-7 6-2,120,155.0,529,391.0
Santiago,ATP250,2026-02-24,Clay,R32,3,Vilius Gaubas,Matias Soto,6-2 6-3,107,316.0,558,157.0
Santiago,ATP250,2026-02-24,Clay,R32,3,Elmer Moller,Roman Andres Burruchaga,7-6 0-6 6-4,127,96.0,509,617.0
Santiago,ATP250,2026-02-24,Clay,R32,3,Emilio Nava,Matteo Berrettini,6-3 6-4,79,57.0,710,910.0
Santiago,ATP250,2026-02-24,Clay,R32,3,Mariano Navone,Vit Kopriva,3-6 6-0 3-1 RET,77,65.0,725,848.0
Santiago,ATP250,2026-02-24,Clay,R32,3,Thiago Agustin Tirante,Ignacio Buse,2-6 7-6 7-6,76,66.0,739,848.0
Santiago,ATP250,2026-02-24,Clay,R32,3,Cristian Garin,Juan Manuel Cerundolo,3-6 6-3 6-3,93,70.0,656,781.0
Santiago,ATP250,2026-02-24,Clay,R32,3,Adolfo Daniel Vallejo,Francesco Passaro,6-3 3-3 RET,106,144.0,561,431.0
Santiago,ATP250,2026-02-25,Clay,R32,3,Alejandro Tabilo,Tomas Barrios Vera,7-5 6-3,42,112.0,1113,551.0
Santiago,ATP250,2026-02-25,Clay,R16,3,Yannick Hanfmann,Camilo Ugo Carabelli,6-4 6-3,81,59.0,695,880.0
Santiago,ATP250,2026-02-25,Clay,R16,3,Andrea Pellegrino,Francisco Comesana,7-6 6-7 6-3,137,82.0,447,694.0
Santiago,ATP250,2026-02-25,Clay,R16,3,Vilius Gaubas,Dino Prizmic,5-7 7-5 6-3,107,120.0,558,529.0
Santiago,ATP250,2026-02-25,Clay,R16,3,Luciano Darderi,Mariano Navone,6-3 3-6 6-4,21,77.0,1904,725.0
Santiago,ATP250,2026-02-26,Clay,R16,3,Emilio Nava,Adolfo Daniel Vallejo,7-5 6-3,79,106.0,710,561.0
Santiago,ATP250,2026-02-26,Clay,R16,3,Francisco Cerundolo,Elmer Moller,6-2 6-2,19,127.0,2170,509.0
Santiago,ATP250,2026-02-26,Clay,R16,3,Sebastian Baez,Cristian Garin,7-6 1-6 7-5,52,93.0,1005,656.0
Santiago,ATP250,2026-02-27,Clay,R16,3,Alejandro Tabilo,Thiago Agustin Tirante,4-6 6-3 6-3,42,76.0,1113,739.0
Santiago,ATP250,2026-02-27,Clay,QF,3,Yannick Hanfmann,Vilius Gaubas,3-6 6-2 6-2,81,107.0,695,558.0
Santiago,ATP250,2026-02-27,Clay,QF,3,Francisco Cerundolo,Emilio Nava,6-1 6-1,19,79.0,2170,710.0
Santiago,ATP250,2026-02-27,Clay,QF,3,Luciano Darderi,Andrea Pellegrino,6-3 3-6 6-2,21,137.0,1904,447.0
Santiago,ATP250,2026-02-28,Clay,QF,3,Sebastian Baez,Alejandro Tabilo,7-6 6-1,52,42.0,1005,1113.0
Santiago,ATP250,2026-02-28,Clay,SF,3,Yannick Hanfmann,Francisco Cerundolo,6-3 6-4,81,19.0,695,2170.0
Santiago,ATP250,2026-02-28,Clay,SF,3,Luciano Darderi,Sebastian Baez,6-4 6-3,21,52.0,1904,1005.0
Santiago,ATP250,2026-03-01,Clay,F,3,Luciano Darderi,Yannick Hanfmann,7-6 7-5,21,81.0,1904,695.0
Indian Wells,Masters 1000,2026-03-04,Hard,R128,3,Adam Walton,Quentin Halys,6-3 6-3,91,102.0,650,600.0
Indian Wells,Masters 1000,2026-03-04,Hard,R128,3,Marcos Giron,Mariano Navone,4-6 7-5 6-3,69,79.0,780,725.0
Indian Wells,Masters 1000,2026-03-04,Hard,R128,3,Camilo Ugo Carabelli,Martin Damm,7-6 6-3,67,129.0,790,477.0
Indian Wells,Masters 1000,2026-03-04,Hard,R128,3,Miomir Kecmanovic,Daniel Altmaier,6-3 1-0 RET,58,55.0,875,921.0
Indian Wells,Masters 1000,2026-03-04,Hard,R128,3,Zizou Bergs,Jan Lennard Struff,6-3 6-4,47,313.0,1030,209.0
Indian Wells,Masters 1000,2026-03-04,Hard,R128,3,Reilly Opelka,Ethan Quinn,7-5 7-6,68,73.0,786,761.0
Indian Wells,Masters 1000,2026-03-04,Hard,R128,3,Gabriel Diallo,Mattia Bellucci,7-6 6-4,38,94.0,1175,640.0
Indian Wells,Masters 1000,2026-03-04,Hard,R128,3,Dalibor Svrcina,James Duckworth,6-2 6-4,109,83.0,569,691.0
Indian Wells,Masters 1000,2026-03-04,Hard,R128,3,Marton Fucsovics,Christopher Oconnell,7-5 6-3,56,127.0,916,493.0
Indian Wells,Masters 1000,2026-03-04,Hard,R128,3,Matteo Berrettini,Adrian Mannarino,4-6 7-5 7-5,66,48.0,820,1025.0
Indian Wells,Masters 1000,2026-03-05,Hard,R128,3,Dino Prizmic,Tristan Schoolkate,7-6 3-6 7-5,119,118.0,541,547.0
Indian Wells,Masters 1000,2026-03-05,Hard,R128,3,Jenson Brooksby,Alexei Popyrin,6-3 6-4,41,45.0,1135,1050.0
Indian Wells,Masters 1000,2026-03-05,Hard,R128,3,Gael Monfils,Alexis Galarneau,6-3 6-4,148,219.0,410,265.0
Indian Wells,Masters 1000,2026-03-05,Hard,R128,3,Zachary Svajda,Marin Cilic,7-6 6-4,99,51.0,614,990.0
Indian Wells,Masters 1000,2026-03-05,Hard,R128,3,Joao Fonseca,Raphael Collignon,7-6 6-4,35,77.0,1240,733.0
Indian Wells,Masters 1000,2026-03-05,Hard,R128,3,Denis Shapovalov,Stefanos Tsitsipas,6-2 3-6 6-4,39,43.0,1160,1085.0
Indian Wells,Masters 1000,2026-03-05,Hard,R128,3,Grigor Dimitrov,Terence Atmane,6-4 5-7 6-4,42,52.0,1105,958.0
Indian Wells,Masters 1000,2026-03-05,Hard,R128,3,Kamil Majchrzak,Giovanni Mpetshi Perricard,6-3 1-6 7-5,57,54.0,895,930.0
Indian Wells,Masters 1000,2026-03-05,Hard,R128,3,Alexander Shevchenko,Sho Shimabukuro,6-4 3-6 6-2,88,113.0,659,554.0
Indian Wells,Masters 1000,2026-03-05,Hard,R128,3,Aleksandar Kovacevic,Hubert Hurkacz,7-6 7-6,72,71.0,771,775.0
Indian Wells,Masters 1000,2026-03-05,Hard,R128,3,Jacob Fearnley,Damir Dzumhur,6-3 6-3,87,64.0,662,840.0
Indian Wells,Masters 1000,2026-03-05,Hard,R128,3,Sebastian Baez,Chun Hsin Tseng,6-3 6-2,53,144.0,940,414.0
Indian Wells,Masters 1000,2026-03-05,Hard,R128,3,Benjamin Bonzi,Valentin Royer,6-4 6-3,111,60.0,564,872.0
Indian Wells,Masters 1000,2026-03-05,Hard,R128,3,Roberto Bautista Agut,Fabian Marozsan,6-4 6-7 6-4,93,46.0,645,1040.0
Indian Wells,Masters 1000,2026-03-05,Hard,R128,3,Alex Michelsen,Daniel Merida Aguilar,6-3 6-4,44,139.0,1085,432.0
Indian Wells,Masters 1000,2026-03-06,Hard,R128,3,Juan Manuel Cerundolo,Botic Van De Zandschulp,7-6 6-7 6-3,70,59.0,778,873.0
Indian Wells,Masters 1000,2026-03-06,Hard,R128,3,Alejandro Tabilo,Rafael Jodar,6-1 6-2,40,103.0,1138,594.0
Indian Wells,Masters 1000,2026-03-06,Hard,R128,3,Nuno Borges,Emilio Nava,7-6 7-5,49,75.0,1020,753.0
Indian Wells,Masters 1000,2026-03-06,Hard,R128,3,Rinky Hijikata,Francesco Maestrelli,7-6 6-4,117,114.0,547,553.0
Indian Wells,Masters 1000,2026-03-06,Hard,R128,3,Sebastian Korda,Francisco Comesana,7-5 6-0,37,82.0,1220,694.0
Indian Wells,Masters 1000,2026-03-06,Hard,R128,3,Mackenzie Mcdonald,Matteo Arnaldi,6-0 6-1,126,85.0,498,665.0
Indian Wells,Masters 1000,2026-03-06,Hard,R128,3,Vit Kopriva,Michael Zheng,7-6 7-5,62,145.0,848,414.0
Indian Wells,Masters 1000,2026-03-06,Hard,R64,3,Flavio Cobolli,Miomir Kecmanovic,3-6 6-3 6-4,15,58.0,2480,875.0
Indian Wells,Masters 1000,2026-03-06,Hard,R64,3,Learner Tien,Adam Walton,7-6 7-6,27,91.0,1685,650.0
Indian Wells,Masters 1000,2026-03-06,Hard,R64,3,Alexander Zverev,Matteo Berrettini,6-3 6-4,4,66.0,4555,820.0
Indian Wells,Masters 1000,2026-03-06,Hard,R64,3,Ben Shelton,Reilly Opelka,6-7 7-6 6-3,8,68.0,4010,786.0
Indian Wells,Masters 1000,2026-03-06,Hard,R64,3,Marton Fucsovics,Lorenzo Musetti,7-5 6-1,56,5.0,916,4405.0
Indian Wells,Masters 1000,2026-03-06,Hard,R64,3,Arthur Fils,Dino Prizmic,6-2 3-2 RET,32,119.0,1440,541.0
Indian Wells,Masters 1000,2026-03-06,Hard,R64,3,Brandon Nakashima,Camilo Ugo Carabelli,6-3 6-4,30,67.0,1535,790.0
Indian Wells,Masters 1000,2026-03-06,Hard,R64,3,Felix Auger Aliassime,Gael Monfils,6-7 6-3 6-4,9,148.0,3950,410.0
Indian Wells,Masters 1000,2026-03-06,Hard,R64,3,Frances Tiafoe,Jenson Brooksby,6-4 6-2,22,41.0,1870,1135.0
Indian Wells,Masters 1000,2026-03-07,Hard,R64,3,Denis Shapovalov,Tomas Martin Etcheverry,6-3 2-6 7-6,39,31.0,1160,1445.0
Indian Wells,Masters 1000,2026-03-07,Hard,R64,3,Jannik Sinner,Dalibor Svrcina,6-1 6-1,2,109.0,10400,569.0
Indian Wells,Masters 1000,2026-03-07,Hard,R64,3,Alejandro Davidovich Fokina,Zachary Svajda,7-6 6-2,19,99.0,2190,614.0
Indian Wells,Masters 1000,2026-03-07,Hard,R64,3,Tommy Paul,Zizou Bergs,6-1 6-2,24,47.0,1815,1030.0
Indian Wells,Masters 1000,2026-03-07,Hard,R64,3,Jakub Mensik,Marcos Giron,7-5 7-6,12,69.0,2650,780.0
Indian Wells,Masters 1000,2026-03-07,Hard,R64,3,Casper Ruud,Alexander Shevchenko,6-1 7-6,13,88.0,2625,659.0
Indian Wells,Masters 1000,2026-03-07,Hard,R64,3,Jack Draper,Roberto Bautista Agut,3-6 6-3 6-2,14,93.0,2510,645.0
Indian Wells,Masters 1000,2026-03-07,Hard,R64,3,Aleksandar Kovacevic,Corentin Moutet,6-1 6-4,72,33.0,771,1383.0
Indian Wells,Masters 1000,2026-03-07,Hard,R64,3,Francisco Cerundolo,Benjamin Bonzi,6-4 5-7 7-6,20,111.0,2170,564.0
Indian Wells,Masters 1000,2026-03-07,Hard,R64,3,Joao Fonseca,Karen Khachanov,4-6 7-6 6-4,35,16.0,1240,2450.0
Indian Wells,Masters 1000,2026-03-07,Hard,R64,3,Gabriel Diallo,Andrey Rublev,6-7 7-6 6-3,38,17.0,1175,2400.0
Indian Wells,Masters 1000,2026-03-07,Hard,R64,3,Novak Djokovic,Kamil Majchrzak,4-6 6-1 6-2,3,57.0,5280,895.0
Indian Wells,Masters 1000,2026-03-07,Hard,R64,3,Valentin Vacherot,Nuno Borges,7-5 7-5,26,49.0,1691,1020.0
Indian Wells,Masters 1000,2026-03-07,Hard,R64,3,Arthur Rinderknech,Juan Manuel Cerundolo,W/O,28,70.0,1617,778.0
Indian Wells,Masters 1000,2026-03-07,Hard,R64,3,Alex De Minaur,Sebastian Korda,4-6 6-4 6-4,6,37.0,4235,1220.0
Indian Wells,Masters 1000,2026-03-07,Hard,R64,3,Rinky Hijikata,Luciano Darderi,4-6 6-2 6-4,117,21.0,547,2104.0
Indian Wells,Masters 1000,2026-03-08,Hard,R64,3,Cameron Norrie,Mackenzie Mcdonald,6-2 6-3,29,126.0,1603,498.0
Indian Wells,Masters 1000,2026-03-08,Hard,R64,3,Carlos Alcaraz,Grigor Dimitrov,6-2 6-3,1,42.0,13550,1105.0
Indian Wells,Masters 1000,2026-03-08,Hard,R64,3,Taylor Fritz,Jacob Fearnley,6-3 6-7 6-1,7,87.0,4220,662.0
Indian Wells,Masters 1000,2026-03-08,Hard,R64,3,Sebastian Baez,Jiri Lehecka,6-4 6-1,53,23.0,940,1850.0
Indian Wells,Masters 1000,2026-03-08,Hard,R64,3,Alexander Bublik,Vit Kopriva,3-6 7-6 6-2,10,62.0,3405,848.0
Indian Wells,Masters 1000,2026-03-08,Hard,R64,3,Alex Michelsen,Ugo Humbert,7-5 6-7 7-6,44,34.0,1085,1285.0
Indian Wells,Masters 1000,2026-03-08,Hard,R64,3,Daniil Medvedev,Alejandro Tabilo,6-4 6-2,11,40.0,3360,1138.0
Indian Wells,Masters 1000,2026-03-08,Hard,R32,3,Alexander Zverev,Brandon Nakashima,7-6 5-7 6-4,4,30.0,4555,1535.0
Indian Wells,Masters 1000,2026-03-08,Hard,R32,3,Learner Tien,Ben Shelton,7-6 4-6 6-3,27,8.0,1685,4010.0
Indian Wells,Masters 1000,2026-03-08,Hard,R32,3,Alejandro Davidovich Fokina,Jakub Mensik,6-2 4-6 6-2,19,12.0,2190,2650.0
Indian Wells,Masters 1000,2026-03-08,Hard,R32,3,Jannik Sinner,Denis Shapovalov,6-3 6-2,2,39.0,10400,1160.0
Indian Wells,Masters 1000,2026-03-08,Hard,R32,3,Arthur Fils,Marton Fucsovics,6-3 7-5,32,56.0,1440,916.0
Indian Wells,Masters 1000,2026-03-09,Hard,R32,3,Frances Tiafoe,Flavio Cobolli,6-1 6-2,22,15.0,1870,2480.0
Indian Wells,Masters 1000,2026-03-09,Hard,R32,3,Felix Auger Aliassime,Gabriel Diallo,6-7 6-3 6-3,9,38.0,3950,1175.0
Indian Wells,Masters 1000,2026-03-09,Hard,R32,3,Joao Fonseca,Tommy Paul,6-2 6-3,35,24.0,1240,1815.0
Indian Wells,Masters 1000,2026-03-09,Hard,R32,3,Novak Djokovic,Aleksandar Kovacevic,6-4 1-6 6-4,3,72.0,5280,771.0
Indian Wells,Masters 1000,2026-03-09,Hard,R32,3,Cameron Norrie,Alex De Minaur,6-4 6-4,29,6.0,1603,4235.0
Indian Wells,Masters 1000,2026-03-09,Hard,R32,3,Rinky Hijikata,Alexander Bublik,6-7 7-6 6-3,117,10.0,547,3405.0
Indian Wells,Masters 1000,2026-03-09,Hard,R32,3,Jack Draper,Francisco Cerundolo,6-1 7-5,14,20.0,2510,2170.0
Indian Wells,Masters 1000,2026-03-09,Hard,R32,3,Alex Michelsen,Taylor Fritz,6-4 7-6,44,7.0,1085,4220.0
Indian Wells,Masters 1000,2026-03-09,Hard,R32,3,Casper Ruud,Valentin Vacherot,3-6 6-3 6-4,13,26.0,2625,1691.0
Indian Wells,Masters 1000,2026-03-10,Hard,R32,3,Carlos Alcaraz,Arthur Rinderknech,6-7 6-3 6-2,1,28.0,13550,1617.0
Indian Wells,Masters 1000,2026-03-10,Hard,R32,3,Daniil Medvedev,Sebastian Baez,6-4 6-0,11,53.0,3360,940.0
Indian Wells,Masters 1000,2026-03-10,Hard,R16,3,Arthur Fils,Felix Auger Aliassime,6-3 7-6,32,9.0,1440,3950.0
Indian Wells,Masters 1000,2026-03-10,Hard,R16,3,Alexander Zverev,Frances Tiafoe,6-3 6-4,4,22.0,4555,1870.0
Indian Wells,Masters 1000,2026-03-10,Hard,R16,3,Learner Tien,Alejandro Davidovich Fokina,4-6 6-1 7-6,27,19.0,1685,2190.0
Indian Wells,Masters 1000,2026-03-11,Hard,R16,3,Jannik Sinner,Joao Fonseca,7-6 7-6,2,35.0,10400,1240.0
Indian Wells,Masters 1000,2026-03-11,Hard,R16,3,Cameron Norrie,Rinky Hijikata,6-4 6-2,29,117.0,1603,547.0
Indian Wells,Masters 1000,2026-03-11,Hard,R16,3,Daniil Medvedev,Alex Michelsen,6-2 6-4,11,44.0,3360,1085.0
Indian Wells,Masters 1000,2026-03-11,Hard,R16,3,Carlos Alcaraz,Casper Ruud,6-1 7-6,1,13.0,13550,2625.0
Indian Wells,Masters 1000,2026-03-12,Hard,R16,3,Jack Draper,Novak Djokovic,4-6 6-4 7-6,14,3.0,2510,5280.0
Indian Wells,Masters 1000,2026-03-12,Hard,QF,3,Alexander Zverev,Arthur Fils,6-2 6-3,4,32.0,4555,1440.0
Indian Wells,Masters 1000,2026-03-12,Hard,QF,3,Jannik Sinner,Learner Tien,6-1 6-2,2,27.0,10400,1685.0
Indian Wells,Masters 1000,2026-03-13,Hard,QF,3,Daniil Medvedev,Jack Draper,6-1 7-5,11,14.0,3360,2510.0
Indian Wells,Masters 1000,2026-03-13,Hard,QF,3,Carlos Alcaraz,Cameron Norrie,6-3 6-4,1,29.0,13550,1603.0
Indian Wells,Masters 1000,2026-03-14,Hard,SF,3,Jannik Sinner,Alexander Zverev,6-2 6-4,2,4.0,10400,4555.0
Indian Wells,Masters 1000,2026-03-14,Hard,SF,3,Daniil Medvedev,Carlos Alcaraz,6-3 7-6,11,1.0,3360,13550.0
Indian Wells,Masters 1000,2026-03-15,Hard,F,3,Jannik Sinner,Daniil Medvedev,7-6 7-6,2,11.0,10400,3360.0
Miami,Masters 1000,2026-03-19,Hard,R128,3,Mariano Navone,Nikoloz Basilashvili,7-6 6-3,61,134.0,855,463.0
Miami,Masters 1000,2026-03-19,Hard,R128,3,Roberto Bautista Agut,James Duckworth,7-6 7-6,89,80.0,668,694.0
Miami,Masters 1000,2026-03-19,Hard,R128,3,Rafael Jodar,Yannick Hanfmann,6-4 4-6 6-1,109,64.0,588,835.0
Miami,Masters 1000,2026-03-19,Hard,R128,3,Moise Kouame,Zachary Svajda,5-7 6-4 6-4,385,96.0,122,644.0
Miami,Masters 1000,2026-03-19,Hard,R128,3,Zizou Bergs,Jenson Brooksby,7-5 6-2,45,42.0,1030,1115.0
Miami,Masters 1000,2026-03-19,Hard,R128,3,Adrian Mannarino,Zhizhen Zhang,6-3 6-2,43,270.0,1060,195.0
Miami,Masters 1000,2026-03-19,Hard,R128,3,Darwin Blanch,Jan Lennard Struff,6-3 3-6 6-3,272,316.0,193,209.0
Miami,Masters 1000,2026-03-19,Hard,R128,3,Ethan Quinn,Hubert Hurkacz,6-2 6-4,56,75.0,906,735.0
Miami,Masters 1000,2026-03-19,Hard,R128,3,Martin Landaluce,Marcos Giron,6-3 7-6,151,70.0,394,790.0
Miami,Masters 1000,2026-03-19,Hard,R128,3,Camilo Ugo Carabelli,Giovanni Mpetshi Perricard,2-6 6-3 7-6,66,59.0,810,890.0
Miami,Masters 1000,2026-03-19,Hard,R128,3,Botic Van De Zandschulp,Denis Shapovalov,7-5 6-3,65,38.0,823,1160.0
Miami,Masters 1000,2026-03-19,Hard,R128,3,Matteo Berrettini,Alexandre Muller,6-4 6-2,68,90.0,800,665.0
Miami,Masters 1000,2026-03-19,Hard,R128,3,Reilly Opelka,Nuno Borges,6-7 6-2 7-6,67,50.0,803,995.0
Miami,Masters 1000,2026-03-19,Hard,R128,3,Stefanos Tsitsipas,Arthur Fery,6-1 7-6,51,174.0,995,342.0
Miami,Masters 1000,2026-03-19,Hard,R128,3,Raphael Collignon,Grigor Dimitrov,7-6 4-6 7-6,72,44.0,768,1035.0
Miami,Masters 1000,2026-03-19,Hard,R128,3,Damir Dzumhur,Ignacio Buse,6-7 7-6 6-1,76,63.0,723,836.0
Miami,Masters 1000,2026-03-19,Hard,R128,3,Joao Fonseca,Fabian Marozsan,6-4 3-6 6-2,39,46.0,1135,1020.0
Miami,Masters 1000,2026-03-19,Hard,R128,3,Marin Cilic,Alexei Popyrin,6-4 6-4,49,47.0,1000,1010.0
Miami,Masters 1000,2026-03-19,Hard,R128,3,Martin Damm,Jacob Fearnley,6-0 RET,133,83.0,469,679.0
Miami,Masters 1000,2026-03-19,Hard,R128,3,Tomas Machac,Emilio Nava,2-6 6-4 6-1,48,74.0,1000,741.0
Miami,Masters 1000,2026-03-19,Hard,R128,3,Kamil Majchrzak,Miomir Kecmanovic,4-6 6-3 6-1,57,58.0,905,895.0
Miami,Masters 1000,2026-03-19,Hard,R128,3,Alejandro Tabilo,Francisco Comesana,6-4 6-2,41,82.0,1118,679.0
Miami,Masters 1000,2026-03-19,Hard,R128,3,Quentin Halys,Liam Draxl,6-7 6-1 6-1,111,147.0,580,406.0
Miami,Masters 1000,2026-03-20,Hard,R128,3,Alex Michelsen,Mattia Bellucci,6-2 6-1,40,77.0,1135,720.0
Miami,Masters 1000,2026-03-20,Hard,R128,3,Thiago Agustin Tirante,Valentin Royer,7-5 6-7 7-6,81,69.0,691,795.0
Miami,Masters 1000,2026-03-20,Hard,R128,3,Terence Atmane,Daniel Altmaier,6-4 6-2,53,55.0,968,906.0
Miami,Masters 1000,2026-03-20,Hard,R128,3,Rei Sakamoto,Aleksandar Kovacevic,6-4 3-6 7-6,164,92.0,366,661.0
Miami,Masters 1000,2026-03-20,Hard,R128,3,Marton Fucsovics,Christopher Oconnell,7-6 6-3,54,130.0,959,493.0
Miami,Masters 1000,2026-03-20,Hard,R128,3,Adam Walton,Sebastian Baez,6-2 6-2,85,52.0,674,980.0
Miami,Masters 1000,2026-03-20,Hard,R128,3,Gabriel Diallo,Yibing Wu,6-2 7-6,37,118.0,1185,559.0
Miami,Masters 1000,2026-03-20,Hard,R128,3,Alexander Shevchenko,Matteo Arnaldi,7-6 6-7 6-2,84,101.0,679,625.0
Miami,Masters 1000,2026-03-20,Hard,R128,3,Arthur Cazaux,Tomas Barrios Vera,7-5 6-4,73,119.0,754,551.0
Miami,Masters 1000,2026-03-20,Hard,R64,3,Ethan Quinn,Casper Ruud,6-4 7-6,56,12.0,906,2715.0
Miami,Masters 1000,2026-03-20,Hard,R64,3,Tommy Paul,Adrian Mannarino,6-2 2-6 6-4,23,43.0,1765,1060.0
Miami,Masters 1000,2026-03-20,Hard,R64,3,Reilly Opelka,Jack Draper,7-6 7-6,67,26.0,803,1710.0
Miami,Masters 1000,2026-03-20,Hard,R64,3,Matteo Berrettini,Alexander Bublik,6-4 6-4,68,11.0,800,3385.0
Miami,Masters 1000,2026-03-20,Hard,R64,3,Taylor Fritz,Botic Van De Zandschulp,6-3 6-7 6-3,7,65.0,4170,823.0
Miami,Masters 1000,2026-03-20,Hard,R64,3,Karen Khachanov,Roberto Bautista Agut,6-3 6-3,15,89.0,2410,668.0
Miami,Masters 1000,2026-03-20,Hard,R64,3,Arthur Fils,Darwin Blanch,6-2 6-3,31,272.0,1440,193.0
Miami,Masters 1000,2026-03-21,Hard,R64,3,Sebastian Korda,Camilo Ugo Carabelli,6-0 6-3,36,66.0,1200,810.0
Miami,Masters 1000,2026-03-21,Hard,R64,3,Carlos Alcaraz,Joao Fonseca,6-4 6-4,1,39.0,13550,1135.0
Miami,Masters 1000,2026-03-21,Hard,R64,3,Raphael Collignon,Flavio Cobolli,7-5 6-3,72,14.0,768,2520.0
Miami,Masters 1000,2026-03-21,Hard,R64,3,Stefanos Tsitsipas,Alex De Minaur,6-3 7-6,51,6.0,995,4185.0
Miami,Masters 1000,2026-03-21,Hard,R64,3,Jiri Lehecka,Moise Kouame,6-2 7-5,22,385.0,1850,122.0
Miami,Masters 1000,2026-03-21,Hard,R64,3,Martin Landaluce,Luciano Darderi,6-3 6-7 6-4,151,18.0,394,2084.0
Miami,Masters 1000,2026-03-21,Hard,R64,3,Valentin Vacherot,Mariano Navone,6-3 6-4,25,61.0,1741,855.0
Miami,Masters 1000,2026-03-21,Hard,R64,3,Quentin Halys,Alejandro Davidovich Fokina,7-6 6-4,111,17.0,580,2260.0
Miami,Masters 1000,2026-03-21,Hard,R64,3,Rafael Jodar,Aleksandar Vukic,6-1 6-2,109,93.0,588,656.0
Miami,Masters 1000,2026-03-21,Hard,R64,3,Kamil Majchrzak,Learner Tien,6-2 4-6 6-2,57,21.0,905,1860.0
Miami,Masters 1000,2026-03-21,Hard,R64,3,Tomas Martin Etcheverry,Zizou Bergs,7-6 7-6,32,45.0,1430,1030.0
Miami,Masters 1000,2026-03-21,Hard,R64,3,Terence Atmane,Arthur Rinderknech,7-6 6-3,53,27.0,968,1657.0
Miami,Masters 1000,2026-03-21,Hard,R64,3,Jannik Sinner,Damir Dzumhur,6-3 6-3,2,76.0,11400,723.0
Miami,Masters 1000,2026-03-21,Hard,R64,3,Felix Auger Aliassime,Marton Fucsovics,7-6 7-5,8,54.0,4000,959.0
Miami,Masters 1000,2026-03-21,Hard,R64,3,Corentin Moutet,Tomas Machac,6-0 1-6 6-4,33,48.0,1383,1000.0
Miami,Masters 1000,2026-03-21,Hard,R64,3,Daniil Medvedev,Rei Sakamoto,6-7 6-3 6-1,10,164.0,3610,366.0
Miami,Masters 1000,2026-03-21,Hard,R64,3,Alex Michelsen,Cameron Norrie,7-5 6-7 6-4,40,24.0,1135,1753.0
Miami,Masters 1000,2026-03-21,Hard,R64,3,Alejandro Tabilo,Andrey Rublev,6-7 6-2 6-4,41,16.0,1118,2400.0
Miami,Masters 1000,2026-03-21,Hard,R64,3,Jakub Mensik,Adam Walton,3-6 6-2 6-4,13,85.0,2650,674.0
Miami,Masters 1000,2026-03-21,Hard,R64,3,Francisco Cerundolo,Thiago Agustin Tirante,6-4 6-2,19,81.0,2020,691.0
Miami,Masters 1000,2026-03-21,Hard,R64,3,Ugo Humbert,Gabriel Diallo,6-1 6-4,34,37.0,1245,1185.0
Miami,Masters 1000,2026-03-21,Hard,R64,3,Alexander Shevchenko,Ben Shelton,6-7 7-6 6-3,84,9.0,679,3860.0
Miami,Masters 1000,2026-03-21,Hard,R64,3,Frances Tiafoe,Arthur Cazaux,7-6 6-1,20,73.0,1920,754.0
Miami,Masters 1000,2026-03-22,Hard,R64,3,Marin Cilic,Brandon Nakashima,2-6 6-4 7-6,49,30.0,1000,1485.0
Miami,Masters 1000,2026-03-22,Hard,R64,3,Alexander Zverev,Martin Damm,6-2 6-4,4,133.0,4905,469.0
Miami,Masters 1000,2026-03-22,Hard,R32,3,Jiri Lehecka,Ethan Quinn,6-3 7-6,22,56.0,1850,906.0
Miami,Masters 1000,2026-03-22,Hard,R32,3,Taylor Fritz,Reilly Opelka,6-3 6-4,7,67.0,4170,803.0
Miami,Masters 1000,2026-03-22,Hard,R32,3,Tomas Martin Etcheverry,Rafael Jodar,7-5 6-4,32,109.0,1430,588.0
Miami,Masters 1000,2026-03-22,Hard,R32,3,Sebastian Korda,Carlos Alcaraz,6-3 5-7 6-4,36,1.0,1200,13550.0
Miami,Masters 1000,2026-03-22,Hard,R32,3,Tommy Paul,Raphael Collignon,6-2 3-6 7-6,23,72.0,1765,768.0
Miami,Masters 1000,2026-03-22,Hard,R32,3,Martin Landaluce,Karen Khachanov,6-3 7-6,151,15.0,394,2410.0
Miami,Masters 1000,2026-03-23,Hard,R32,3,Valentin Vacherot,Matteo Berrettini,7-6 6-4,25,68.0,1741,800.0
Miami,Masters 1000,2026-03-23,Hard,R32,3,Arthur Fils,Stefanos Tsitsipas,6-0 6-1,31,51.0,1440,995.0
Miami,Masters 1000,2026-03-23,Hard,R32,3,Ugo Humbert,Alexander Shevchenko,6-4 7-6,34,84.0,1245,679.0
Miami,Masters 1000,2026-03-23,Hard,R32,3,Francisco Cerundolo,Daniil Medvedev,6-0 4-6 7-5,19,10.0,2020,3610.0
Miami,Masters 1000,2026-03-23,Hard,R32,3,Terence Atmane,Felix Auger Aliassime,6-3 1-6 6-3,53,8.0,968,4000.0
Miami,Masters 1000,2026-03-23,Hard,R32,3,Frances Tiafoe,Jakub Mensik,7-6 4-6 7-6,20,13.0,1920,2650.0
Miami,Masters 1000,2026-03-23,Hard,R32,3,Alex Michelsen,Alejandro Tabilo,3-6 6-3 6-4,40,41.0,1135,1118.0
Miami,Masters 1000,2026-03-23,Hard,R32,3,Alexander Zverev,Marin Cilic,6-2 5-7 6-4,4,49.0,4905,1000.0
Miami,Masters 1000,2026-03-23,Hard,R32,3,Quentin Halys,Kamil Majchrzak,7-6 6-1,111,57.0,580,905.0
Miami,Masters 1000,2026-03-23,Hard,R32,3,Jannik Sinner,Corentin Moutet,6-1 6-4,2,33.0,11400,1383.0
Miami,Masters 1000,2026-03-24,Hard,R16,3,Martin Landaluce,Sebastian Korda,2-6 7-6 6-4,151,36.0,394,1200.0
Miami,Masters 1000,2026-03-24,Hard,R16,3,Jiri Lehecka,Taylor Fritz,6-4 6-7 6-2,22,7.0,1850,4170.0
Miami,Masters 1000,2026-03-24,Hard,R16,3,Arthur Fils,Valentin Vacherot,6-4 6-7 6-4,31,25.0,1440,1741.0
Miami,Masters 1000,2026-03-24,Hard,R16,3,Tommy Paul,Tomas Martin Etcheverry,6-1 6-3,23,32.0,1765,1430.0
Miami,Masters 1000,2026-03-24,Hard,R16,3,Jannik Sinner,Alex Michelsen,7-5 7-6,2,40.0,11400,1135.0
Miami,Masters 1000,2026-03-24,Hard,R16,3,Frances Tiafoe,Terence Atmane,6-4 1-6 6-4,20,53.0,1920,968.0
Miami,Masters 1000,2026-03-25,Hard,R16,3,Francisco Cerundolo,Ugo Humbert,6-4 6-3,19,34.0,2020,1245.0
Miami,Masters 1000,2026-03-25,Hard,R16,3,Alexander Zverev,Quentin Halys,7-6 7-6,4,111.0,4905,580.0
Miami,Masters 1000,2026-03-25,Hard,QF,3,Jiri Lehecka,Martin Landaluce,7-6 7-5,22,151.0,1850,394.0
Miami,Masters 1000,2026-03-26,Hard,QF,3,Arthur Fils,Tommy Paul,6-7 7-6 7-6,31,23.0,1440,1765.0
Miami,Masters 1000,2026-03-26,Hard,QF,3,Jannik Sinner,Frances Tiafoe,6-2 6-2,2,20.0,11400,1920.0
Miami,Masters 1000,2026-03-26,Hard,QF,3,Alexander Zverev,Francisco Cerundolo,6-1 6-2,4,19.0,4905,2020.0
Miami,Masters 1000,2026-03-27,Hard,SF,3,Jiri Lehecka,Arthur Fils,6-2 6-2,22,31.0,1850,1440.0
Miami,Masters 1000,2026-03-27,Hard,SF,3,Jannik Sinner,Alexander Zverev,6-3 7-6,2,4.0,11400,4905.0
Miami,Masters 1000,2026-03-29,Hard,F,3,Jannik Sinner,Jiri Lehecka,6-4 6-4,2,22.0,11400,1850.0
Bucharest,ATP250,2026-03-31,Clay,R32,3,Elmer Moller,Gabi Adrian Boitan,6-3 7-5,134,306.0,478,167.0
Bucharest,ATP250,2026-03-31,Clay,R32,3,Mariano Navone,Christopher Oconnell,6-4 7-6,60,128.0,860,493.0
Bucharest,ATP250,2026-03-31,Clay,R32,3,Alexander Shevchenko,Radu David Turcanu,6-2 6-4,76,659.0,716,52.0
Bucharest,ATP250,2026-03-31,Clay,R32,3,Titouan Droguet,Roberto Bautista Agut,6-1 1-6 6-1,122,80.0,528,685.0
Bucharest,ATP250,2026-03-31,Clay,R32,3,Botic Van De Zandschulp,Francesco Maestrelli,6-3 6-2,62,114.0,841,577.0
Bucharest,ATP250,2026-03-31,Clay,R32,3,Damir Dzumhur,Filip Cristian Jianu,6-3 4-6 7-6,74,246.0,731,219.0
Bucharest,ATP250,2026-03-31,Clay,R32,3,Dino Prizmic,Nikoloz Basilashvili,6-4 6-2,112,129.0,585,493.0
Bucharest,ATP250,2026-03-31,Clay,R32,3,Stefanos Sakellaridis,Jan Choinski,6-3 6-4,225,120.0,252,534.0
Bucharest,ATP250,2026-03-31,Clay,R32,3,Alex Molcan,Matteo Arnaldi,6-3 6-1,189,107.0,314,605.0
Bucharest,ATP250,2026-03-31,Clay,R32,3,Daniel Merida Aguilar,Otto Virtanen,7-6 5-7 7-5,136,123.0,458,512.0
Bucharest,ATP250,2026-03-31,Clay,R32,3,Sebastian Baez,Vilius Gaubas,6-3 6-1,50,108.0,980,603.0
Bucharest,ATP250,2026-03-31,Clay,R32,3,Daniel Altmaier,Pedro Martinez,6-1 6-4,52,113.0,960,580.0
Bucharest,ATP250,2026-04-01,Clay,R16,3,Botic Van De Zandschulp,Alexander Shevchenko,7-5 6-1,62,76.0,841,716.0
Bucharest,ATP250,2026-04-01,Clay,R16,3,Mariano Navone,Elmer Moller,6-2 6-1,60,134.0,860,478.0
Bucharest,ATP250,2026-04-01,Clay,R16,3,Damir Dzumhur,Nuno Borges,7-6 6-4,74,48.0,731,995.0
Bucharest,ATP250,2026-04-01,Clay,R16,3,Alex Molcan,Gabriel Diallo,6-2 6-2,189,36.0,314,1175.0
Bucharest,ATP250,2026-04-03,Clay,R16,3,Daniel Merida Aguilar,Adrian Mannarino,4-6 6-2 6-2,136,43.0,458,1082.0
Bucharest,ATP250,2026-04-03,Clay,R16,3,Titouan Droguet,Sebastian Baez,6-4 6-4,122,50.0,528,980.0
Bucharest,ATP250,2026-04-03,Clay,R16,3,Fabian Marozsan,Stefanos Sakellaridis,7-6 7-5,47,225.0,1005,252.0
Bucharest,ATP250,2026-04-03,Clay,R16,3,Daniel Altmaier,Dino Prizmic,3-6 7-6 7-6,52,112.0,960,585.0
Bucharest,ATP250,2026-04-03,Clay,QF,3,Botic Van De Zandschulp,Damir Dzumhur,6-3 6-3,62,74.0,841,731.0
Bucharest,ATP250,2026-04-03,Clay,QF,3,Mariano Navone,Alex Molcan,3-6 6-2 6-3,60,189.0,860,314.0
Bucharest,ATP250,2026-04-03,Clay,QF,3,Daniel Merida Aguilar,Titouan Droguet,4-6 7-6 3-1 RET,136,122.0,458,528.0
Bucharest,ATP250,2026-04-03,Clay,QF,3,Fabian Marozsan,Daniel Altmaier,6-2 7-6,47,52.0,1005,960.0
Bucharest,ATP250,2026-04-04,Clay,SF,3,Mariano Navone,Botic Van De Zandschulp,5-7 7-6 7-5,60,62.0,860,841.0
Bucharest,ATP250,2026-04-04,Clay,SF,3,Daniel Merida Aguilar,Fabian Marozsan,6-7 6-3 6-1,136,47.0,458,1005.0
Bucharest,ATP250,2026-04-05,Clay,F,3,Mariano Navone,Daniel Merida Aguilar,6-2 4-6 7-5,60,136.0,860,458.0
Houston,ATP250,2026-03-30,Clay,R32,3,Adolfo Daniel Vallejo,Zachary Svajda,6-1 6-4,109,82.0,601,674.0
Houston,ATP250,2026-03-30,Clay,R32,3,Zhizhen Zhang,Jack Pinnington Jones,6-1 6-3,263,138.0,205,456.0
Houston,ATP250,2026-03-30,Clay,R32,3,Alex Bolt,Yibing Wu,7-6 6-2,165,118.0,369,559.0
Houston,ATP250,2026-03-31,Clay,R32,3,Mackenzie Mcdonald,Jenson Brooksby,6-4 6-2,125,41.0,501,1115.0
Houston,ATP250,2026-03-31,Clay,R32,3,Thiago Agustin Tirante,Colton Smith,6-0 6-3,83,164.0,673,371.0
Houston,ATP250,2026-03-31,Clay,R32,3,Nishesh Basavareddy,Liam Draxl,6-3 2-6 6-4,193,147.0,306,430.0
Houston,ATP250,2026-03-31,Clay,R32,3,Tomas Martin Etcheverry,Federico Agustin Gomez,1-6 6-1 6-4,31,182.0,1500,331.0
Houston,ATP250,2026-03-31,Clay,R32,3,Brandon Nakashima,Martin Damm,7-6 6-2,33,126.0,1395,499.0
Houston,ATP250,2026-04-01,Clay,R32,3,Alex Michelsen,Coleman Wong,6-4 6-2,35,124.0,1225,503.0
Houston,ATP250,2026-04-01,Clay,R32,3,Rinky Hijikata,Aleksandar Kovacevic,6-4 6-2,102,85.0,619,661.0
Houston,ATP250,2026-04-01,Clay,R32,3,Alexei Popyrin,Patrick Kypson,4-6 6-4 6-3,45,96.0,1010,640.0
Houston,ATP250,2026-04-01,Clay,R32,3,Roman Andres Burruchaga,Adam Walton,6-2 6-3,77,105.0,703,614.0
Houston,ATP250,2026-04-01,Clay,R16,3,Tomas Martin Etcheverry,Alex Bolt,6-7 6-0 6-3,31,165.0,1500,369.0
Houston,ATP250,2026-04-01,Clay,R16,3,Thiago Agustin Tirante,Mackenzie Mcdonald,6-2 6-0,83,125.0,673,501.0
Houston,ATP250,2026-04-02,Clay,R16,3,Ben Shelton,Zhizhen Zhang,7-6 7-6,9,263.0,3860,205.0
Houston,ATP250,2026-04-02,Clay,R16,3,Tommy Paul,Adolfo Daniel Vallejo,3-6 6-4 6-4,21,109.0,1915,601.0
Houston,ATP250,2026-04-02,Clay,R16,3,Roman Andres Burruchaga,Brandon Nakashima,6-4 2-6 6-4,77,33.0,703,1395.0
Houston,ATP250,2026-04-02,Clay,R16,3,Learner Tien,Nishesh Basavareddy,6-3 3-6 6-1,22,193.0,1845,306.0
Houston,ATP250,2026-04-03,Clay,R16,3,Frances Tiafoe,Rinky Hijikata,6-4 3-6 6-2,18,102.0,2070,619.0
Houston,ATP250,2026-04-03,Clay,R16,3,Alexei Popyrin,Alex Michelsen,6-0 4-6 6-1,45,35.0,1010,1225.0
Houston,ATP250,2026-04-03,Clay,QF,3,Roman Andres Burruchaga,Learner Tien,7-5 6-4,77,22.0,703,1845.0
Houston,ATP250,2026-04-03,Clay,QF,3,Thiago Agustin Tirante,Ben Shelton,6-7 6-3 6-4,83,9.0,673,3860.0
Houston,ATP250,2026-04-03,Clay,QF,3,Tommy Paul,Tomas Martin Etcheverry,6-4 6-2,21,31.0,1915,1500.0
Houston,ATP250,2026-04-04,Clay,QF,3,Frances Tiafoe,Alexei Popyrin,3-6 6-4 7-6,18,45.0,2070,1010.0
Houston,ATP250,2026-04-04,Clay,SF,3,Roman Andres Burruchaga,Thiago Agustin Tirante,6-1 6-1,77,83.0,703,673.0
Houston,ATP250,2026-04-04,Clay,SF,3,Tommy Paul,Frances Tiafoe,7-5 4-6 7-6,21,18.0,1915,2070.0
Houston,ATP250,2026-04-05,Clay,F,3,Tommy Paul,Roman Andres Burruchaga,6-1 3-6 7-5,21,77.0,1915,703.0
Marrakech,ATP250,2026-03-30,Clay,R32,3,Taha Baadi,Aleksandar Vukic,6-2 3-6 6-1,587,84.0,64,663.0
Marrakech,ATP250,2026-03-30,Clay,R32,3,Karim Bennani,Quentin Halys,6-4 6-7 6-2,731,90.0,41,650.0
Marrakech,ATP250,2026-03-30,Clay,R32,3,Yannick Hanfmann,Jesper De Jong,7-6 6-4,61,99.0,857,625.0
Marrakech,ATP250,2026-03-31,Clay,R32,3,Alexandre Muller,Federico Cina,6-2 6-3,94,208.0,645,285.0
Marrakech,ATP250,2026-03-31,Clay,R32,3,Kamil Majchrzak,Juan Manuel Cerundolo,7-6 3-6 6-3,53,69.0,955,776.0
Marrakech,ATP250,2026-03-31,Clay,R32,3,Mattia Bellucci,Reda Bennani,6-3 3-6 6-4,73,555.0,740,70.0
Marrakech,ATP250,2026-03-31,Clay,R32,3,Marco Trungelliti,Henrique Rocha,7-6 6-2,117,133.0,561,483.0
Marrakech,ATP250,2026-03-31,Clay,R32,3,Ignacio Buse,Matteo Berrettini,7-6 6-7 6-4,59,91.0,864,650.0
Marrakech,ATP250,2026-03-31,Clay,R32,3,Camilo Ugo Carabelli,Timofey Skatov,6-7 6-3 6-4,67,202.0,780,292.0
Marrakech,ATP250,2026-03-31,Clay,R32,3,Luca Van Assche,Hugo Gaston,6-4 7-6,109,116.0,601,564.0
Marrakech,ATP250,2026-03-31,Clay,R32,3,Rafael Jodar,Dusan Lajovic,6-3 6-4,89,132.0,652,486.0
Marrakech,ATP250,2026-04-01,Clay,R32,3,Vit Kopriva,Hamad Medjedovic,6-7 7-5 6-2,70,81.0,763,680.0
Marrakech,ATP250,2026-04-01,Clay,R16,3,Marco Trungelliti,Kamil Majchrzak,7-6 6-3,117,53.0,561,955.0
Marrakech,ATP250,2026-04-01,Clay,R16,3,Corentin Moutet,Taha Baadi,6-0 6-2,32,587.0,1403,64.0
Marrakech,ATP250,2026-04-01,Clay,R16,3,Luciano Darderi,Mattia Bellucci,6-4 6-2,19,73.0,2050,740.0
Marrakech,ATP250,2026-04-01,Clay,R16,3,Yannick Hanfmann,Karim Bennani,6-4 6-7 6-2,61,731.0,857,41.0
Marrakech,ATP250,2026-04-02,Clay,R16,3,Alexandre Muller,Vit Kopriva,6-3 7-6,94,70.0,645,763.0
Marrakech,ATP250,2026-04-02,Clay,R16,3,Rafael Jodar,Tomas Machac,6-4 4-6 6-3,89,55.0,652,930.0
Marrakech,ATP250,2026-04-02,Clay,R16,3,Camilo Ugo Carabelli,Ignacio Buse,6-3 3-6 7-5,67,59.0,780,864.0
Marrakech,ATP250,2026-04-02,Clay,R16,3,Luca Van Assche,Tallon Griekspoor,6-4 1-6 6-3,109,30.0,601,1585.0
Marrakech,ATP250,2026-04-03,Clay,QF,3,Marco Trungelliti,Corentin Moutet,4-6 6-3 6-4,117,32.0,561,1403.0
Marrakech,ATP250,2026-04-03,Clay,QF,3,Luciano Darderi,Yannick Hanfmann,W/O,19,61.0,2050,857.0
Marrakech,ATP250,2026-04-03,Clay,QF,3,Rafael Jodar,Alexandre Muller,6-2 2-0 RET,89,94.0,652,645.0
Marrakech,ATP250,2026-04-03,Clay,QF,3,Camilo Ugo Carabelli,Luca Van Assche,0-6 6-3 6-2,67,109.0,780,601.0
Marrakech,ATP250,2026-04-04,Clay,SF,3,Marco Trungelliti,Luciano Darderi,6-4 7-6,117,19.0,561,2050.0
Marrakech,ATP250,2026-04-04,Clay,SF,3,Rafael Jodar,Camilo Ugo Carabelli,6-2 6-1,89,67.0,652,780.0
Marrakech,ATP250,2026-04-05,Clay,F,3,Rafael Jodar,Marco Trungelliti,6-3 6-2,89,117.0,652,561.0
